"employee_id","type_id","phone_number"
"901","4","262-772-0152"
"410","4","218-446-8439"
"277","1","216-695-3588"
"191","1","212-381-1430"
"192","4","216-805-9437"
"193","4","210-872-1211"
"194","4","209-896-8753"
"195","1","231-879-6973"
"196","4","205-540-5705"
"197","4","210-767-4250"
"198","1","701-992-8400"
"199","1","212-695-9978"
"200","1","212-429-8858"
"201","4","503-471-7504"
"202","4","803-898-7999"
"203","1","405-993-1578"
"204","1","229-767-0655"
"205","1","231-510-3357"
"206","1","252-872-0558"
"207","4","701-661-5405"
"208","1","209-672-5352"
"209","4","304-834-6691"
"210","4","203-294-1584"
"211","4","503-475-0687"
"212","1","217-997-1479"
"213","4","231-348-4366"
"214","4","205-790-4623"
"215","1","314-867-1947"
"216","4","406-829-4366"
"217","1","210-778-4644"
"218","1","262-535-9188"
"219","1","209-440-9455"
"220","1","319-669-5854"
"221","4","423-279-4158"
"222","4","405-580-4407"
"223","4","479-631-2313"
"224","4","314-358-3171"
"225","4","339-799-8260"
"226","4","270-880-3754"
"227","4","215-700-2123"
"228","4","319-463-6042"
"229","1","405-614-4802"
"230","1","215-514-3207"
"231","1","205-235-2985"
"232","4","480-578-6695"
"233","1","339-522-4135"
"234","4","505-889-1242"
"235","1","210-347-1501"
"236","1","479-621-9856"
"237","1","229-846-9110"
"238","1","225-435-8834"
"239","1","215-271-6773"
"240","4","228-833-2752"
"241","1","231-236-5080"
"242","1","212-805-9463"
"243","4","216-869-0404"
"244","1","239-882-5108"
"245","1","314-965-9896"
"246","1","218-581-9104"
"247","1","303-828-6493"
"248","1","423-360-9152"
"249","4","215-532-3909"
"250","1","215-567-6233"
"251","1","210-759-1643"
"252","4","231-787-9610"
"253","1","231-860-9971"
"254","1","209-594-1828"
"255","4","207-498-4955"
"256","1","339-803-3709"
"257","1","605-700-3434"
"258","4","252-316-9362"
"259","1","219-707-8030"
"260","1","423-877-1176"
"261","1","219-624-2149"
"262","1","307-815-4817"
"263","4","423-572-4972"
"264","1","270-500-4236"
"265","4","231-732-6466"
"266","4","218-693-6665"
"267","4","215-203-2380"
"268","4","212-692-7616"
"269","4","304-447-9240"
"270","1","218-283-5884"
"271","1","218-539-9356"
"272","4","405-594-8544"
"273","4","319-718-5820"
"274","4","304-339-5952"
"275","4","231-639-7503"
"276","4","208-573-6745"
"277","4","216-819-4059"
"278","4","236-841-2844"
"279","4","236-390-0922"
"280","4","240-423-4446"
"281","1","239-748-4307"
"282","1","270-593-5036"
"283","1","215-604-6213"
"284","4","210-261-6374"
"285","4","479-530-9417"
"286","1","209-627-3506"
"287","4","207-716-2479"
"288","1","505-830-9755"
"289","4","319-614-4740"
"290","4","304-297-1730"
"291","4","210-889-1322"
"292","4","207-997-4317"
"293","1","210-972-8127"
"294","4","209-884-5684"
"295","4","217-308-6842"
"296","1","206-454-2284"
"297","1","307-505-9931"
"298","4","209-592-3846"
"299","4","207-585-5642"
"300","1","405-720-8384"
"301","1","252-536-3003"
"302","1","239-351-7192"
"303","4","314-657-6822"
"304","1","217-436-9844"
"305","4","702-413-2693"
"306","4","262-217-9197"
"307","4","262-583-1986"
"308","1","215-772-6390"
"309","4","210-968-2625"
"310","4","212-758-8383"
"311","1","210-652-0306"
"312","1","270-302-3367"
"313","1","239-458-3339"
"314","4","262-355-0063"
"315","4","206-731-3235"
"316","4","319-961-0684"
"317","1","217-924-9156"
"318","1","212-894-7597"
"319","4","339-848-2927"
"320","1","215-513-8328"
"321","4","423-521-4023"
"322","1","216-308-0557"
"323","1","808-519-4578"
"324","4","210-354-7121"
"325","4","423-627-4383"
"326","1","225-358-1013"
"327","1","236-585-5884"
"328","4","203-508-0382"
"329","4","218-545-9182"
"330","4","236-827-3534"
"331","1","216-912-7038"
"332","4","209-221-3931"
"333","4","252-303-9865"
"334","1","319-527-5192"
"335","1","219-491-0738"
"336","4","217-666-6090"
"337","4","209-356-0380"
"338","4","216-592-5556"
"339","1","216-238-2176"
"340","1","262-840-7678"
"341","1","239-582-7167"
"342","1","201-780-6698"
"343","1","405-394-9050"
"344","1","228-565-2016"
"345","4","216-785-9176"
"346","4","314-479-3187"
"347","1","207-725-1555"
"348","1","215-889-4923"
"349","1","218-492-7850"
"350","4","210-696-2093"
"351","1","215-221-2385"
"352","1","209-483-4721"
"353","1","240-857-7135"
"354","4","205-967-2987"
"355","4","236-800-6736"
"356","1","236-646-2229"
"357","4","201-859-3477"
"358","1","239-451-7939"
"359","4","217-802-2305"
"360","4","225-699-0769"
"361","1","240-502-5820"
"362","4","212-734-1521"
"363","1","603-493-9284"
"364","1","205-589-6159"
"365","4","210-814-5610"
"366","1","215-525-0801"
"367","4","252-564-0371"
"368","4","239-789-6721"
"369","4","216-548-6792"
"370","4","423-259-5350"
"371","4","231-930-0760"
"372","1","201-997-3275"
"552","4","231-245-5439"
"553","1","303-566-6680"
"554","1","216-872-5673"
"555","1","405-496-8268"
"556","4","252-202-1034"
"557","1","423-259-8277"
"558","4","212-650-1585"
"559","4","304-288-1848"
"560","4","208-478-3796"
"561","4","303-986-3028"
"562","1","303-844-5544"
"563","4","205-776-9773"
"564","4","236-350-1110"
"565","4","907-552-8942"
"566","1","229-793-6183"
"567","1","262-229-1303"
"568","1","231-917-2858"
"569","1","505-591-6527"
"570","4","239-760-4636"
"571","1","216-941-8194"
"572","1","252-306-1424"
"573","4","210-457-8789"
"574","4","603-633-4535"
"575","4","206-832-4705"
"576","4","240-765-1689"
"577","4","304-533-1239"
"578","1","308-324-2012"
"579","1","229-345-7594"
"580","1","803-672-1037"
"581","4","802-325-1882"
"582","1","339-971-5701"
"583","4","303-750-6118"
"584","1","405-226-9349"
"585","4","236-766-1227"
"586","1","405-938-6734"
"587","4","236-540-2036"
"588","1","201-952-9011"
"589","4","207-222-0561"
"590","4","304-287-3742"
"591","4","405-496-9396"
"592","4","307-249-0524"
"593","4","217-505-2513"
"594","1","217-278-4555"
"595","4","201-855-3545"
"596","4","206-544-0491"
"597","4","212-740-9413"
"598","4","239-627-8764"
"599","1","215-592-5319"
"600","1","217-974-0593"
"601","1","239-332-9741"
"602","4","303-444-2972"
"603","1","212-322-9444"
"604","1","228-762-3681"
"605","1","231-512-4471"
"606","1","210-267-6279"
"607","4","201-390-3148"
"608","4","212-259-5107"
"609","1","503-534-7080"
"610","4","252-356-0288"
"611","4","314-262-6156"
"612","1","210-237-2723"
"613","4","423-279-3544"
"614","4","239-897-9098"
"615","4","217-431-0696"
"616","1","209-695-6880"
"617","4","314-751-2341"
"618","1","262-603-9314"
"619","4","206-914-1493"
"620","1","209-757-0430"
"621","4","209-981-4446"
"622","1","218-609-0037"
"623","1","339-355-5775"
"624","1","316-373-8724"
"625","1","218-624-3337"
"626","4","423-877-2866"
"627","1","236-520-3268"
"628","4","239-714-9613"
"629","1","252-660-4989"
"630","4","215-693-1904"
"631","4","205-503-6199"
"632","4","215-382-3451"
"633","4","480-594-7879"
"634","1","228-668-3753"
"635","1","219-220-9293"
"636","1","316-999-3088"
"637","4","218-756-2986"
"638","1","210-739-7514"
"639","4","303-615-9779"
"640","4","480-614-3874"
"641","4","225-901-3783"
"642","4","304-367-4789"
"643","4","209-455-7382"
"644","1","308-702-3663"
"645","1","206-609-6248"
"646","4","203-338-9679"
"647","4","605-232-4330"
"648","4","218-460-2806"
"649","1","252-785-8858"
"650","1","406-564-8787"
"651","4","210-765-5347"
"652","1","339-713-4153"
"653","4","316-960-2590"
"654","4","217-881-1213"
"655","1","210-596-7661"
"656","4","505-409-3058"
"657","4","314-288-0919"
"658","4","212-651-8558"
"659","1","215-891-0999"
"660","4","252-223-7370"
"661","4","210-450-9821"
"662","4","236-859-4926"
"663","1","218-545-7587"
"664","1","219-953-7443"
"665","4","201-750-7776"
"666","4","216-517-6917"
"667","1","215-374-2152"
"668","1","212-224-6127"
"669","1","319-219-5758"
"670","4","216-361-3633"
"671","1","215-422-1920"
"672","1","206-983-8774"
"673","4","217-272-2250"
"674","4","240-666-0153"
"675","1","236-666-2025"
"676","1","228-232-0004"
"677","1","209-282-9673"
"678","1","480-801-5847"
"679","4","314-784-0847"
"680","4","216-998-5286"
"681","1","405-371-1350"
"682","1","303-606-8578"
"683","4","605-722-2146"
"684","4","803-615-3640"
"685","1","252-649-4351"
"686","4","503-272-1043"
"687","1","215-350-4241"
"688","4","219-635-9012"
"689","1","304-952-8245"
"690","1","423-216-8433"
"691","1","210-767-7952"
"692","1","225-737-7846"
"693","4","225-239-5105"
"694","1","219-478-8447"
"695","4","240-394-6601"
"696","1","201-925-9088"
"697","1","203-294-9498"
"698","1","505-924-1279"
"699","1","239-880-6008"
"700","1","479-427-4183"
"701","4","210-227-8498"
"702","1","216-446-9623"
"703","4","205-295-4492"
"704","1","252-798-7077"
"705","4","479-774-1673"
"706","1","239-359-8677"
"707","1","405-638-2875"
"708","4","205-514-4215"
"709","1","206-894-1093"
"710","1","209-304-6135"
"711","1","240-431-4476"
"712","1","201-880-4541"
"713","1","303-471-1329"
"714","4","210-748-2192"
"715","1","406-420-5115"
"716","4","217-924-9501"
"717","4","480-716-9451"
"718","4","209-882-9542"
"719","1","240-379-3114"
"720","4","319-301-3043"
"721","1","505-563-5031"
"722","4","239-420-3384"
"723","1","228-604-9291"
"724","4","262-687-1608"
"725","1","209-472-0138"
"726","1","216-906-1411"
"727","1","209-418-6969"
"728","4","316-888-4144"
"729","4","423-528-9341"
"730","1","209-903-3818"
"731","1","314-668-1966"
"732","4","202-431-2096"
"733","4","405-240-9712"
"734","1","218-605-3300"
"735","1","480-827-2604"
"736","1","262-669-9408"
"920","1","505-231-8075"
"921","4","208-276-2709"
"922","1","304-889-7473"
"923","4","219-482-6689"
"924","4","303-207-2931"
"925","1","212-287-7181"
"926","1","218-877-1486"
"927","1","215-742-4112"
"928","4","209-970-7204"
"929","4","208-899-6940"
"930","4","406-881-6185"
"931","1","209-961-9653"
"932","4","209-285-1559"
"933","1","505-733-5774"
"934","4","304-979-8485"
"935","1","225-972-3352"
"936","1","479-741-9158"
"937","1","252-735-9971"
"938","4","605-373-7800"
"939","4","225-632-7747"
"940","4","316-253-5667"
"941","4","252-775-8323"
"942","4","339-388-6044"
"943","1","423-325-7878"
"944","1","236-860-9249"
"945","1","216-448-2118"
"946","4","212-378-7631"
"947","4","239-260-1283"
"948","1","212-627-0570"
"949","4","217-977-5144"
"950","1","225-719-9474"
"951","4","319-468-8001"
"952","1","252-543-2790"
"953","4","505-605-3690"
"954","1","401-414-0990"
"955","4","212-410-0573"
"956","4","907-723-1577"
"957","1","216-305-6546"
"958","1","239-888-4089"
"959","1","262-967-4036"
"960","1","210-905-5093"
"961","4","209-372-5001"
"962","4","252-695-3188"
"963","1","231-248-5930"
"964","1","239-855-4003"
"965","4","212-326-2844"
"966","1","308-910-5200"
"967","1","209-886-6293"
"968","1","314-562-1471"
"969","1","339-213-6363"
"970","4","479-537-9539"
"971","1","209-940-7666"
"972","1","207-240-3161"
"973","1","808-804-4349"
"974","4","210-302-8120"
"975","1","209-992-5087"
"976","4","480-429-7236"
"977","4","231-894-8089"
"978","1","423-356-5356"
"979","4","308-851-6094"
"980","1","209-993-4361"
"981","4","216-705-1374"
"982","4","270-877-8162"
"983","1","212-950-0729"
"984","4","252-922-7700"
"985","1","385-482-0492"
"986","4","203-967-5951"
"987","4","239-647-1527"
"988","4","207-730-2918"
"989","1","339-895-4231"
"990","4","605-453-0638"
"991","1","210-626-3530"
"992","1","479-657-8177"
"993","1","216-441-3882"
"994","4","314-387-6636"
"995","1","215-994-4277"
"996","4","215-566-4143"
"997","1","339-740-3234"
"998","4","215-845-0860"
"999","4","228-885-3805"
"1000","1","304-449-3979"
"1001","1","316-738-8574"
"1002","4","215-230-2724"
"1003","4","217-757-4655"
"1004","1","304-518-3349"
"1005","4","208-405-8693"
"1006","4","207-768-4142"
"1007","4","239-394-1866"
"1008","1","314-613-0418"
"1009","4","339-237-4880"
"1010","4","270-812-9526"
"1011","1","215-502-2976"
"1012","1","236-300-5849"
"1013","1","808-556-0924"
"1014","4","215-239-5794"
"1015","4","339-717-8025"
"1016","1","702-667-2806"
"1017","4","210-406-3113"
"1018","4","239-949-2358"
"1019","1","212-395-9551"
"1020","4","209-928-6954"
"1021","1","479-758-0237"
"1022","1","205-472-1132"
"1023","4","303-920-2595"
"1024","4","208-724-6457"
"1025","4","270-308-3584"
"1026","4","303-557-6529"
"1027","4","209-700-4693"
"1028","1","205-819-1979"
"1029","1","605-277-6944"
"1030","4","406-883-5465"
"1031","1","236-869-5887"
"1032","4","216-301-6682"
"1033","4","239-510-6606"
"1034","4","210-851-7353"
"1035","1","209-685-8715"
"1036","1","205-387-6233"
"1037","1","209-379-1359"
"1038","4","210-688-4108"
"1039","1","319-930-8215"
"1040","1","218-414-8795"
"1041","1","209-978-2492"
"1042","1","240-447-0143"
"1043","4","314-813-1929"
"1044","1","303-548-5032"
"1045","4","215-929-3794"
"1046","1","303-303-2373"
"1047","4","304-568-9892"
"1048","1","215-477-8107"
"1049","1","217-477-1555"
"1050","1","480-260-0211"
"1051","1","216-252-4646"
"1052","1","479-618-3686"
"1053","1","314-293-4562"
"1054","4","217-844-5571"
"1055","1","316-749-1230"
"1056","4","212-608-9931"
"1057","1","210-672-4106"
"1058","1","479-606-2868"
"1059","4","316-366-7180"
"1060","1","209-312-7508"
"1061","4","505-536-3975"
"1062","1","212-725-9015"
"1063","4","239-838-2540"
"1064","1","252-420-9581"
"1065","4","209-430-0459"
"1066","4","225-901-3428"
"1067","1","210-922-9844"
"1068","1","239-446-1813"
"1069","1","240-625-2345"
"1070","4","212-262-8019"
"1071","1","262-401-4136"
"1072","4","217-730-2368"
"1073","1","229-516-0925"
"1074","4","479-560-7204"
"1075","4","304-284-2951"
"1076","1","385-536-1910"
"1077","4","207-624-9985"
"1078","4","262-472-7895"
"1079","4","210-304-6329"
"1080","1","802-354-3604"
"1081","1","270-795-5817"
"1082","1","314-599-9507"
"1083","1","239-419-6811"
"1084","4","270-698-3113"
"1085","1","210-900-7208"
"1086","4","270-869-3955"
"1087","4","423-212-9434"
"1088","4","216-207-8602"
"1089","4","314-734-5448"
"1090","1","270-434-5652"
"1091","1","262-692-1739"
"1092","1","505-446-0735"
"1093","4","385-617-4326"
"1094","1","319-670-1512"
"1095","4","210-891-3762"
"1096","4","225-505-2675"
"1097","1","270-597-0131"
"373","1","480-283-5812"
"374","1","210-496-7238"
"375","4","212-835-8146"
"376","1","252-233-9140"
"377","1","802-822-1615"
"378","1","210-419-1037"
"379","1","217-942-2726"
"380","4","505-447-0139"
"381","4","304-795-5646"
"382","1","303-540-3815"
"383","1","212-743-7194"
"384","1","212-209-4590"
"385","4","503-454-1850"
"386","4","210-293-5144"
"387","4","319-954-6746"
"388","4","239-917-3314"
"389","1","503-578-6673"
"390","4","479-238-7093"
"391","1","205-317-9076"
"392","1","229-294-9631"
"393","4","252-271-9059"
"394","4","503-659-4234"
"395","4","236-897-4381"
"396","4","209-587-9363"
"397","4","212-460-0457"
"398","4","201-766-3636"
"399","4","210-385-5356"
"400","1","216-667-0829"
"401","4","209-801-4807"
"402","4","303-394-4870"
"403","4","406-797-7195"
"404","4","304-233-4848"
"405","4","217-370-8558"
"406","4","239-703-0006"
"407","4","225-574-7594"
"408","4","802-907-4742"
"409","1","212-572-0656"
"410","4","209-578-3613"
"411","1","208-483-6749"
"412","4","210-435-6331"
"413","1","406-935-2543"
"414","1","212-627-2764"
"415","1","210-914-7355"
"416","4","217-690-7935"
"417","1","316-912-8165"
"418","1","405-787-7027"
"419","1","209-783-4607"
"420","1","201-569-0376"
"421","4","212-583-3970"
"422","4","209-617-8474"
"423","4","270-631-6200"
"424","4","405-895-6971"
"425","1","210-451-8901"
"426","1","480-401-1674"
"427","4","209-725-2331"
"428","4","217-915-3544"
"429","4","201-743-4404"
"430","4","304-349-3698"
"431","4","239-455-5692"
"432","4","209-301-8412"
"433","1","270-315-4424"
"434","4","210-797-4116"
"435","4","210-337-1482"
"436","1","201-450-2398"
"437","1","218-643-5407"
"438","1","217-804-4999"
"439","4","316-213-7394"
"440","1","308-385-8820"
"441","1","605-832-6297"
"442","1","212-454-0917"
"443","4","217-248-3624"
"444","4","210-853-3500"
"445","1","316-985-6683"
"446","1","210-689-5148"
"447","1","217-428-5875"
"448","1","209-447-3693"
"449","4","405-460-2309"
"450","4","217-586-4463"
"451","1","229-803-4583"
"452","4","503-234-3946"
"453","4","210-853-8328"
"454","4","314-920-8164"
"455","1","206-536-1205"
"456","4","503-227-7669"
"457","1","215-553-7905"
"458","1","209-638-2544"
"459","4","210-831-5154"
"460","4","212-787-7401"
"461","1","206-774-6704"
"462","4","210-809-6388"
"463","1","207-713-8343"
"464","4","405-994-8181"
"465","1","210-956-2889"
"466","1","316-730-0989"
"467","1","423-636-5189"
"468","4","217-559-7548"
"469","4","228-263-7124"
"470","1","231-922-0133"
"471","1","314-675-2604"
"472","4","217-713-5541"
"473","4","316-285-2573"
"474","4","252-529-0110"
"475","4","207-433-0003"
"476","1","206-216-4700"
"477","4","209-336-4899"
"478","4","803-423-9708"
"479","4","210-237-9298"
"480","1","201-350-0063"
"481","1","314-356-2268"
"482","1","212-899-0219"
"483","1","217-638-4906"
"484","1","218-324-9167"
"485","4","218-608-5343"
"486","4","231-679-5430"
"487","4","423-615-3740"
"488","4","270-270-2056"
"489","4","217-583-7288"
"490","1","218-507-1630"
"491","1","212-667-5213"
"492","1","210-648-1266"
"493","4","215-396-3768"
"494","4","701-555-7608"
"495","4","304-524-1240"
"496","4","212-440-1836"
"497","1","262-484-2946"
"498","1","212-217-4655"
"499","4","239-536-6235"
"500","4","339-354-1305"
"501","1","218-514-5486"
"502","4","209-816-6557"
"503","1","239-880-7111"
"504","1","231-624-9713"
"505","4","252-973-4553"
"506","1","215-697-9605"
"507","1","252-559-3285"
"508","1","316-807-9598"
"509","4","210-778-5810"
"510","1","209-529-2589"
"511","4","319-399-6667"
"512","1","203-788-6001"
"513","4","308-667-7422"
"514","1","339-810-6795"
"515","1","479-252-1675"
"516","1","236-274-6460"
"517","1","316-304-0054"
"518","1","203-259-6015"
"519","1","405-796-5220"
"520","1","215-498-1013"
"521","4","210-680-6866"
"522","4","215-423-6536"
"523","4","308-632-6717"
"524","4","339-819-2200"
"525","1","202-208-3527"
"526","4","406-672-7149"
"527","4","209-688-8081"
"528","1","236-420-5060"
"529","4","228-428-8198"
"530","4","206-202-9141"
"531","1","212-214-3726"
"532","4","216-809-7132"
"533","4","215-805-1544"
"534","1","212-633-6303"
"535","1","503-389-0565"
"536","4","217-619-8455"
"537","4","216-828-6729"
"538","4","209-849-7344"
"539","1","208-380-9758"
"540","1","480-215-5340"
"541","4","218-294-8242"
"542","1","603-237-7394"
"543","4","303-379-8530"
"544","4","217-615-8725"
"545","1","605-977-3421"
"546","1","228-341-5960"
"547","1","239-548-9617"
"548","4","210-858-2131"
"549","4","314-524-2731"
"550","4","605-799-1676"
"551","1","405-856-2278"
"737","4","702-744-0822"
"738","1","218-625-5054"
"739","4","209-791-9702"
"740","1","262-382-2527"
"741","4","307-399-4739"
"742","1","229-707-6774"
"743","1","701-482-6581"
"744","1","215-473-0398"
"745","4","209-689-6035"
"746","4","423-215-8656"
"747","1","210-649-9061"
"748","4","314-271-4465"
"749","4","225-225-1780"
"750","4","316-240-3395"
"751","1","217-263-5463"
"752","1","262-928-8674"
"753","4","802-542-1544"
"754","4","239-499-6187"
"755","4","314-522-6607"
"756","4","218-824-9471"
"757","1","209-498-7396"
"758","1","479-632-4726"
"759","4","319-747-5812"
"760","4","405-562-5801"
"761","1","479-880-3910"
"762","4","231-307-9207"
"763","1","215-887-8900"
"764","4","239-370-9109"
"765","1","339-396-8153"
"766","1","231-412-2329"
"767","1","405-413-4192"
"768","1","210-702-3341"
"769","4","218-281-9696"
"770","4","702-766-9282"
"771","1","210-923-2506"
"772","1","209-537-4942"
"773","1","219-396-0612"
"774","1","603-208-7765"
"775","4","209-639-7163"
"776","4","225-578-2856"
"777","4","203-625-5467"
"778","4","319-705-7972"
"779","4","212-408-3984"
"780","4","270-353-8529"
"781","1","385-777-1334"
"782","1","229-847-2599"
"783","4","219-802-1290"
"784","4","319-817-5908"
"785","1","225-888-7782"
"786","4","216-251-6841"
"787","4","218-520-9898"
"788","1","210-547-1437"
"789","1","308-917-6882"
"790","1","423-458-8392"
"791","1","603-482-3133"
"792","4","803-747-4061"
"793","4","212-349-3205"
"794","4","316-734-7450"
"795","1","210-636-6812"
"796","1","202-246-5225"
"797","4","319-694-3821"
"798","4","803-669-6708"
"799","4","203-755-9256"
"800","1","339-897-8875"
"801","1","405-986-8299"
"802","4","803-680-1362"
"803","1","252-336-1286"
"804","4","319-978-1458"
"805","4","480-986-8710"
"806","4","201-508-9107"
"807","4","212-301-6222"
"808","4","225-494-1916"
"809","1","202-778-9625"
"810","1","252-618-0141"
"811","1","319-797-9883"
"812","1","480-272-1696"
"813","4","252-571-8114"
"814","4","479-903-7154"
"815","1","225-397-0593"
"816","4","219-967-4743"
"817","1","209-701-3748"
"818","1","217-677-5346"
"819","1","212-597-9167"
"820","4","252-456-7503"
"821","1","304-428-8595"
"822","4","239-982-2411"
"823","4","270-421-8929"
"824","1","252-643-8921"
"825","1","231-536-7227"
"826","4","219-584-8543"
"827","4","262-915-5700"
"828","1","479-758-0443"
"829","1","229-334-6715"
"830","1","209-474-6439"
"831","4","479-852-7797"
"832","1","215-352-6012"
"833","4","219-459-6627"
"834","4","405-368-1294"
"835","1","423-629-6043"
"836","1","239-805-2075"
"837","1","802-568-9036"
"838","4","216-907-0802"
"839","4","240-267-3757"
"840","1","240-721-7577"
"841","4","239-748-8510"
"842","1","218-756-5159"
"843","4","212-616-6759"
"844","1","802-927-3964"
"845","4","209-408-2122"
"846","4","339-708-7061"
"847","4","239-646-3372"
"848","1","205-278-5180"
"849","4","217-983-9439"
"850","1","209-877-1704"
"851","4","229-655-4413"
"852","1","209-751-7671"
"853","4","319-532-2534"
"854","4","217-706-6781"
"855","1","308-765-3203"
"856","1","225-251-0384"
"857","4","209-640-5976"
"858","1","210-559-2489"
"859","1","219-924-5564"
"860","1","339-306-4761"
"861","4","205-918-6835"
"862","4","239-628-1522"
"863","4","210-804-9814"
"864","1","229-769-4749"
"865","1","316-299-4683"
"866","4","239-630-9076"
"867","1","215-901-6776"
"868","1","239-319-6794"
"869","4","503-643-1589"
"870","1","215-404-2848"
"871","4","240-439-9768"
"872","4","212-860-9840"
"873","4","231-636-2123"
"874","1","216-218-3030"
"875","4","385-265-4612"
"876","4","209-719-5333"
"877","4","480-588-3356"
"878","1","212-961-2320"
"879","4","205-750-9627"
"880","1","236-451-7218"
"881","4","505-732-4858"
"882","4","252-851-5912"
"883","4","215-893-5634"
"884","4","210-533-1942"
"885","4","701-228-8699"
"886","1","252-428-1503"
"887","4","702-415-5953"
"888","1","217-371-8447"
"889","1","205-862-9451"
"890","1","405-757-9285"
"891","4","319-563-6405"
"892","4","206-691-8181"
"893","4","316-943-4183"
"894","1","406-431-1957"
"895","4","803-653-3759"
"896","4","236-550-4511"
"897","4","236-224-9699"
"898","4","225-747-5628"
"899","4","423-634-5447"
"900","1","307-356-6809"
"901","1","205-263-2025"
"902","1","210-252-0717"
"903","1","208-342-4981"
"904","1","216-287-7041"
"905","1","216-504-9401"
"906","1","316-237-7507"
"907","4","212-534-4899"
"908","1","236-558-0870"
"909","4","405-218-0620"
"910","1","479-729-7913"
"911","1","217-293-0240"
"912","1","316-808-6458"
"913","4","208-500-6967"
"914","1","218-979-6351"
"915","1","401-228-8541"
"916","1","218-203-4472"
"917","1","319-370-2234"
"918","1","207-565-9732"
"919","1","304-771-9845"
"1098","1","209-379-0949"
"1099","4","252-669-8045"
"1100","1","240-897-0088"
"1101","4","314-443-1651"
"1102","1","385-289-5877"
"1103","4","228-307-9625"
"1104","4","210-863-1136"
"1105","4","215-751-0177"
"1106","4","207-452-0711"
"1107","1","505-215-6043"
"1108","1","304-366-6483"
"1109","1","701-942-9496"
"1110","1","252-543-2364"
"1111","4","217-225-7337"
"1112","4","262-397-9295"
"1113","4","215-261-5899"
"1114","1","308-367-0251"
"1115","4","210-896-6046"
"1116","1","209-269-5235"
"1117","4","212-379-8174"
"1118","4","316-348-6285"
"1119","4","480-272-9286"
"1120","1","215-324-9492"
"1121","4","319-976-8362"
"1122","1","210-548-4796"
"1123","4","314-883-2155"
"1124","1","205-316-5297"
"1125","4","210-379-0103"
"1126","4","216-329-5512"
"1127","4","206-495-8051"
"1128","1","405-659-8865"
"1129","4","405-256-3251"
"1130","4","314-899-2685"
"1131","1","270-433-9358"
"1132","1","605-510-3206"
"1133","4","218-492-1438"
"1134","4","219-776-0571"
"1135","4","316-546-0959"
"1136","4","228-250-3826"
"1137","1","262-802-0798"
"1138","4","206-306-5927"
"1139","1","210-212-0236"
"1140","4","503-587-8734"
"1141","4","239-823-9962"
"1142","4","217-357-8013"
"1143","1","209-429-7071"
"1144","4","239-251-8438"
"1145","1","308-718-0066"
"1146","4","207-724-8586"
"1147","4","605-823-3850"
"1148","1","405-400-5945"
"1149","4","210-474-4739"
"1150","1","215-825-1905"
"1151","4","231-545-5453"
"1152","1","210-615-6763"
"1153","1","339-505-0117"
"1154","4","212-305-4725"
"1155","1","701-370-9263"
"1156","4","252-502-8900"
"1157","4","208-549-4831"
"1158","1","229-733-6306"
"1159","4","215-699-5164"
"1160","4","215-794-2865"
"1161","4","236-769-0015"
"1162","1","216-303-8405"
"1163","4","701-956-5539"
"1164","1","210-747-1663"
"1165","1","240-952-9300"
"1166","4","270-234-5280"
"1167","4","316-393-5269"
"1168","1","217-842-0804"
"1169","4","215-388-3716"
"1170","4","308-736-3754"
"1171","1","262-817-5535"
"1172","4","231-882-6210"
"1173","1","216-872-7349"
"1174","4","206-828-8857"
"1175","4","236-448-5374"
"1176","1","210-346-5180"
"1177","1","239-455-1606"
"1178","1","480-646-6938"
"1179","1","210-669-8823"
"1180","4","208-828-9177"
"1181","4","262-676-5587"
"1182","4","314-431-5222"
"1183","1","212-329-1237"
"1184","1","603-684-1679"
"1185","4","401-594-0894"
"1186","4","480-453-3435"
"1187","1","803-801-0464"
"1188","1","209-794-8660"
"1189","4","209-695-1630"
"1190","4","252-402-3805"
"1191","4","406-585-6857"
"1192","1","262-462-8599"
"1193","4","210-593-4394"
"1194","1","208-397-1058"
"1195","4","316-605-3268"
"1196","1","209-220-2473"
"1197","4","229-922-8289"
"1198","1","209-481-2420"
"1199","4","239-408-5049"
"1200","4","218-821-3755"
"1036","4","385-697-9761"
"755","4","206-579-9080"
"2","1","423-283-5871"
"3","1","205-200-6563"
"4","1","479-568-5620"
"5","1","216-582-0466"
"6","4","231-981-5020"
"7","1","212-550-9226"
"8","1","218-249-1088"
"9","1","210-461-1191"
"10","4","209-670-9745"
"11","1","304-464-6109"
"12","4","236-360-0823"
"13","4","503-656-0140"
"14","1","206-408-3056"
"15","1","480-729-0845"
"16","4","319-820-9084"
"17","4","217-219-2194"
"18","1","215-576-0459"
"19","1","239-457-9564"
"20","1","479-873-2631"
"21","1","210-223-4738"
"22","1","304-780-9961"
"23","4","236-588-0902"
"24","1","236-787-0718"
"25","4","217-770-7652"
"26","1","803-853-2072"
"27","4","423-582-5990"
"28","4","217-758-5104"
"29","1","217-784-3323"
"30","4","262-251-9798"
"31","4","209-330-8462"
"32","4","209-803-0049"
"33","4","262-717-6629"
"34","4","701-856-8649"
"35","4","240-742-4450"
"36","1","215-869-2307"
"37","4","239-244-4957"
"38","1","240-774-6631"
"39","1","210-958-2588"
"40","4","385-522-1139"
"41","1","236-865-8187"
"42","4","228-736-4253"
"43","1","262-540-4007"
"44","1","217-659-8301"
"45","4","217-805-8703"
"46","4","216-801-4521"
"47","1","605-976-2340"
"48","1","423-597-8052"
"49","1","205-715-1388"
"50","4","209-549-2944"
"51","1","304-679-3721"
"52","4","803-881-7150"
"53","1","239-771-3624"
"54","4","217-586-7530"
"55","1","212-387-6782"
"56","4","479-480-4851"
"57","1","210-972-5293"
"58","4","319-545-8786"
"59","4","207-663-2657"
"60","4","270-988-2915"
"61","1","236-344-8780"
"62","1","209-783-9721"
"63","4","212-394-4978"
"64","4","304-925-5598"
"65","1","229-337-8967"
"66","4","216-780-5842"
"67","1","308-393-9876"
"68","1","239-934-9658"
"69","1","203-327-3237"
"70","4","405-943-5157"
"71","1","228-699-5987"
"72","4","215-785-4355"
"73","4","314-315-1473"
"74","4","209-405-8173"
"75","1","203-974-4443"
"76","1","803-371-1444"
"77","1","406-325-6056"
"78","4","229-321-7900"
"79","1","479-207-8874"
"80","4","308-713-5184"
"81","4","217-608-1870"
"82","4","239-774-9843"
"83","4","303-709-5417"
"84","1","218-653-2333"
"85","1","308-839-6298"
"86","1","208-670-2013"
"87","1","209-420-2702"
"88","1","252-962-2149"
"89","1","207-219-9223"
"90","4","210-740-4915"
"91","4","208-201-1863"
"92","4","216-533-6389"
"93","4","212-873-3028"
"94","4","225-441-1558"
"95","4","225-841-6532"
"96","4","201-786-9311"
"97","1","406-252-2595"
"98","4","505-756-7449"
"99","4","505-652-2842"
"100","1","236-964-7674"
"101","4","262-831-5307"
"102","4","215-690-0597"
"103","1","209-573-9426"
"104","4","423-237-0735"
"105","1","215-610-1047"
"106","1","406-875-1509"
"107","1","308-967-7418"
"108","1","202-298-0251"
"109","4","505-615-2198"
"110","4","231-568-3194"
"111","1","239-821-0449"
"112","1","319-468-0480"
"113","1","216-996-3642"
"114","4","239-251-1158"
"115","1","212-947-4652"
"116","1","218-390-8180"
"117","4","385-628-2763"
"118","4","209-330-3410"
"119","4","314-685-8660"
"120","4","405-634-2611"
"121","1","229-912-9442"
"122","1","205-736-0458"
"123","1","385-297-3608"
"124","1","225-492-5528"
"125","4","252-674-6064"
"126","1","307-827-5308"
"127","1","405-371-3125"
"128","4","205-886-1190"
"129","4","216-463-7511"
"130","1","209-984-3470"
"131","4","479-220-3347"
"132","4","480-758-6353"
"133","1","480-355-1166"
"134","1","216-614-2951"
"135","4","423-681-2905"
"136","1","217-578-0279"
"137","1","308-651-6910"
"138","4","228-848-4259"
"139","4","262-517-2932"
"140","1","229-440-4721"
"141","4","216-276-7128"
"142","1","203-743-0401"
"143","4","239-418-7061"
"144","1","303-663-3940"
"145","4","303-680-6702"
"146","4","503-680-6885"
"147","4","203-294-1427"
"148","4","239-692-4692"
"149","1","210-938-3016"
"150","4","209-367-1721"
"151","4","239-284-4659"
"152","4","304-395-6236"
"153","1","217-751-5950"
"154","1","209-435-5413"
"155","4","207-652-7891"
"156","4","236-566-0331"
"157","1","479-545-7889"
"158","4","239-340-0973"
"159","4","304-485-4758"
"160","4","215-626-1232"
"161","4","385-870-3716"
"162","4","217-364-3905"
"163","1","252-595-1391"
"164","4","304-317-5697"
"165","4","206-201-0813"
"166","1","701-214-2219"
"167","1","210-921-6422"
"168","1","385-909-2986"
"169","4","229-638-9062"
"170","1","803-622-6422"
"171","4","218-526-0986"
"172","4","316-896-4856"
"173","4","239-707-0848"
"174","1","503-844-9522"
"175","4","479-698-8713"
"176","1","217-498-5564"
"177","1","405-659-1052"
"178","4","240-361-7027"
"179","1","314-349-5739"
"180","1","303-758-1868"
"181","1","218-969-7057"
"182","4","479-681-6945"
"183","1","209-717-0696"
"184","4","225-945-3027"
"185","4","339-436-8747"
"186","4","217-635-9784"
"187","1","423-565-4714"
"188","1","808-855-0797"
"189","4","231-487-8504"
"190","4","240-679-8550"
"384","4","236-498-2660"
"1196","4","216-212-5302"
"932","4","203-444-0860"
"363","1","262-897-8789"
"1109","4","203-379-2197"
"992","4","217-996-1053"
"1020","1","240-924-3084"
"661","1","219-263-7129"
"521","4","231-623-8658"
"812","4","217-628-4834"
"236","4","406-926-8002"
"1146","4","209-783-8036"
"658","1","219-585-9418"
"692","1","215-231-7498"
"979","1","803-813-0080"
"206","4","209-623-2656"
"387","1","270-236-4380"
"86","1","225-605-8032"
"253","1","405-803-3376"
"1158","1","239-516-4065"
"729","4","270-259-5814"
"521","4","304-372-5713"
"962","4","212-493-9079"
"150","4","314-849-5861"
"733","4","225-679-0482"
"222","1","262-441-9745"
"124","4","303-480-4274"
"288","1","212-785-8094"
"578","1","236-318-1920"
"502","4","262-653-8178"
"920","4","217-317-8284"
"897","4","802-949-6096"
"1002","4","252-432-2412"
"469","1","209-403-4427"
"1078","1","319-871-0169"
"469","1","219-354-9595"
"465","1","505-331-1281"
"507","1","206-217-6341"
"912","1","212-837-4514"
"445","4","215-741-0754"
"946","1","262-809-1593"
"1177","1","229-598-6148"
"330","1","210-942-2967"
"890","4","201-574-1348"
"926","4","209-400-1791"
"460","1","702-301-7912"
"220","4","308-971-2586"
"478","4","217-824-9335"
"940","4","205-876-9526"
"886","1","210-785-7027"
"1089","1","209-365-3189"
"919","4","270-347-9568"
"892","1","304-950-4384"
"701","4","303-676-7107"
"298","4","319-960-5075"
"1091","4","701-949-7643"
