"id","employee_id","status","date_start","date_end"
"1","391","1","2006-03-09 00:00:00",""
"2","392","1","2015-03-18 00:00:00",""
"3","393","1","1997-05-01 00:00:00",""
"4","394","1","2001-02-08 00:00:00",""
"5","395","1","2016-03-09 00:00:00",""
"6","396","1","1991-05-22 00:00:00",""
"7","397","1","1993-07-07 00:00:00",""
"8","398","1","2008-10-13 00:00:00",""
"9","399","1","2013-12-24 00:00:00",""
"10","400","1","2006-09-12 00:00:00",""
"11","401","1","2016-05-19 00:00:00",""
"12","402","1","2013-01-28 00:00:00",""
"13","403","1","2016-08-28 00:00:00",""
"14","404","1","2011-03-14 00:00:00",""
"15","405","1","2008-08-24 00:00:00",""
"16","406","1","2011-10-26 00:00:00",""
"17","407","1","2009-07-09 00:00:00",""
"18","408","1","1988-08-02 00:00:00",""
"19","409","1","2005-09-11 00:00:00",""
"20","410","1","2014-04-28 00:00:00",""
"22","411","1","2012-11-14 00:00:00",""
"23","412","1","2016-07-08 00:00:00",""
"24","413","1","2008-12-21 00:00:00",""
"25","414","1","2011-06-26 00:00:00",""
"26","415","1","2014-12-23 00:00:00",""
"27","416","1","1996-02-08 00:00:00",""
"28","417","1","2004-03-19 00:00:00",""
"29","418","1","2008-12-29 00:00:00",""
"30","419","1","2000-05-20 00:00:00",""
"31","420","1","2013-11-25 00:00:00",""
"32","421","1","2004-01-09 00:00:00",""
"33","422","1","2009-03-07 00:00:00",""
"34","423","1","2000-06-02 00:00:00",""
"35","424","1","2010-06-12 00:00:00",""
"36","425","1","2014-07-23 00:00:00",""
"37","426","1","2014-10-01 00:00:00",""
"38","427","1","2003-07-12 00:00:00",""
"39","428","1","2017-07-09 00:00:00",""
"40","429","1","2003-11-03 00:00:00",""
"41","430","1","2007-01-17 00:00:00",""
"42","431","1","1992-11-22 00:00:00",""
"43","432","1","2016-10-04 00:00:00",""
"44","433","1","2011-04-23 00:00:00",""
"45","434","1","1995-07-25 00:00:00",""
"46","435","1","2013-08-23 00:00:00",""
"47","436","1","2001-01-08 00:00:00",""
"48","437","1","2016-03-17 00:00:00",""
"49","438","1","2013-01-29 00:00:00",""
"50","439","1","1982-02-08 00:00:00",""
"51","440","1","1987-02-17 00:00:00",""
"52","441","1","2010-04-12 00:00:00",""
"53","442","1","2006-08-18 00:00:00",""
"54","443","1","2016-10-03 00:00:00",""
"55","444","1","2016-03-10 00:00:00",""
"56","445","1","1991-01-20 00:00:00",""
"58","446","1","2015-09-30 00:00:00",""
"59","447","1","2006-11-03 00:00:00",""
"60","448","1","2013-08-26 00:00:00",""
"61","449","1","1988-05-10 00:00:00",""
"62","450","1","2016-10-27 00:00:00",""
"63","451","1","2000-11-26 00:00:00",""
"64","452","1","2013-05-16 00:00:00",""
"65","453","1","2007-04-25 00:00:00",""
"66","454","1","2009-12-06 00:00:00",""
"67","455","1","2011-05-02 00:00:00",""
"68","456","1","2011-01-03 00:00:00",""
"69","457","1","2017-01-21 00:00:00",""
"70","458","1","2002-06-22 00:00:00",""
"71","459","1","2006-02-17 00:00:00",""
"72","460","1","1996-06-05 00:00:00",""
"74","461","1","2006-05-22 00:00:00",""
"75","462","1","2013-02-22 00:00:00",""
"76","463","1","2013-01-16 00:00:00",""
"77","464","1","1997-04-02 00:00:00",""
"78","465","1","2013-07-04 00:00:00","2017-06-20 00:00:00"
"80","466","1","2017-01-17 00:00:00",""
"81","467","1","2016-03-23 00:00:00",""
"82","468","1","2004-01-07 00:00:00",""
"83","469","1","1996-11-05 00:00:00","2017-06-20 00:00:00"
"86","470","1","2017-06-26 00:00:00",""
"87","471","1","2005-08-16 00:00:00",""
"88","472","1","1984-11-04 00:00:00",""
"89","473","1","2012-05-22 00:00:00",""
"90","474","1","2014-09-05 00:00:00",""
"91","475","1","2004-08-21 00:00:00",""
"92","476","1","2017-03-04 00:00:00",""
"93","477","1","2014-12-04 00:00:00",""
"94","478","1","2016-09-27 00:00:00",""
"96","479","1","2006-04-04 00:00:00",""
"97","480","1","2015-01-01 00:00:00",""
"98","481","1","1990-10-30 00:00:00",""
"99","482","1","2012-05-29 00:00:00",""
"100","483","1","2010-01-07 00:00:00",""
"101","484","1","2015-11-03 00:00:00",""
"102","485","1","2017-06-08 00:00:00",""
"103","486","1","2016-03-11 00:00:00",""
"104","487","1","2013-06-05 00:00:00",""
"105","488","1","2006-05-21 00:00:00",""
"106","489","1","2017-06-17 00:00:00",""
"107","490","1","2015-06-13 00:00:00",""
"108","491","1","2011-01-28 00:00:00",""
"109","492","1","1999-03-01 00:00:00",""
"110","493","1","1999-02-01 00:00:00",""
"111","494","1","2005-11-03 00:00:00",""
"112","495","1","2015-05-21 00:00:00",""
"113","496","1","2016-07-10 00:00:00",""
"114","497","1","2013-05-23 00:00:00",""
"115","498","1","2016-08-31 00:00:00",""
"116","499","1","2008-07-19 00:00:00",""
"117","500","1","2008-02-23 00:00:00",""
"118","501","1","2014-08-17 00:00:00",""
"119","502","1","1994-02-20 00:00:00","2017-06-20 00:00:00"
"121","503","1","2016-07-31 00:00:00",""
"122","504","1","1997-12-30 00:00:00",""
"123","505","1","1988-02-20 00:00:00",""
"124","506","1","2013-04-20 00:00:00",""
"125","507","1","2011-11-28 00:00:00","2017-06-20 00:00:00"
"127","508","1","1997-06-30 00:00:00",""
"128","509","1","2016-09-22 00:00:00",""
"129","510","1","1994-08-23 00:00:00",""
"130","511","1","2017-05-23 00:00:00",""
"131","512","1","2015-12-25 00:00:00",""
"132","513","1","2015-07-13 00:00:00",""
"133","514","1","2009-07-05 00:00:00",""
"134","515","1","2014-02-13 00:00:00",""
"135","516","1","2013-05-17 00:00:00",""
"136","517","1","2003-08-01 00:00:00",""
"137","518","1","2014-07-01 00:00:00",""
"138","519","1","2016-06-24 00:00:00",""
"139","520","1","2003-07-19 00:00:00",""
"140","521","1","2008-12-22 00:00:00",""
"143","522","1","1998-01-07 00:00:00",""
"144","523","1","2006-09-14 00:00:00",""
"145","524","1","2013-05-29 00:00:00",""
"146","525","1","2014-11-25 00:00:00",""
"147","526","1","2010-02-25 00:00:00",""
"148","527","1","1984-12-28 00:00:00",""
"149","528","1","2015-09-03 00:00:00",""
"150","529","1","1989-06-16 00:00:00",""
"151","530","1","1990-11-04 00:00:00",""
"152","531","1","2008-08-03 00:00:00",""
"153","532","1","2000-03-25 00:00:00",""
"154","533","1","2015-04-26 00:00:00",""
"155","534","1","1999-09-15 00:00:00",""
"156","535","1","2009-12-30 00:00:00",""
"157","536","1","2012-03-06 00:00:00",""
"158","537","1","2012-11-25 00:00:00",""
"159","538","1","1988-03-20 00:00:00",""
"160","539","1","2015-05-04 00:00:00",""
"161","540","1","2015-09-09 00:00:00",""
"162","541","1","2016-10-10 00:00:00",""
"163","542","1","2012-12-20 00:00:00",""
"164","543","1","2014-06-29 00:00:00",""
"165","544","1","1981-10-28 00:00:00",""
"166","545","1","2015-10-13 00:00:00",""
"167","546","1","2007-03-08 00:00:00",""
"168","547","1","2010-02-13 00:00:00",""
"169","548","1","1997-02-09 00:00:00",""
"170","549","1","2015-02-14 00:00:00",""
"171","550","1","1991-08-28 00:00:00",""
"172","551","1","2016-09-05 00:00:00",""
"173","552","1","1995-03-05 00:00:00",""
"174","553","1","2017-01-05 00:00:00",""
"175","554","1","2017-04-21 00:00:00",""
"176","555","1","2007-05-02 00:00:00",""
"177","556","1","2014-11-26 00:00:00",""
"178","557","1","2014-10-20 00:00:00",""
"179","558","1","2017-05-30 00:00:00",""
"180","559","1","2009-12-28 00:00:00",""
"181","560","1","2011-11-23 00:00:00",""
"182","561","1","2005-04-06 00:00:00",""
"183","562","1","2017-02-07 00:00:00",""
"184","563","1","2012-05-06 00:00:00",""
"185","564","1","1991-01-26 00:00:00",""
"186","565","1","2007-05-14 00:00:00",""
"187","566","1","2005-08-28 00:00:00",""
"188","567","1","2014-07-21 00:00:00",""
"189","568","1","2005-09-22 00:00:00",""
"190","569","1","2015-05-30 00:00:00",""
"191","570","1","2016-12-21 00:00:00",""
"192","571","1","2012-09-12 00:00:00",""
"193","572","1","2012-04-03 00:00:00",""
"194","573","1","2004-02-23 00:00:00",""
"195","574","1","2010-03-18 00:00:00",""
"196","575","1","2016-07-30 00:00:00",""
"197","576","1","2015-02-20 00:00:00",""
"198","577","1","2017-03-14 00:00:00",""
"199","578","1","2007-10-12 00:00:00",""
"201","579","1","2016-07-07 00:00:00",""
"202","580","1","2016-04-16 00:00:00",""
"203","581","1","2017-07-13 00:00:00",""
"204","582","1","1991-06-05 00:00:00",""
"205","583","1","2013-10-01 00:00:00",""
"206","584","1","2017-05-31 00:00:00",""
"207","585","1","1995-01-03 00:00:00",""
"208","586","1","2011-01-05 00:00:00",""
"209","587","1","2017-02-13 00:00:00",""
"210","588","1","2007-08-02 00:00:00",""
"211","589","1","1993-11-10 00:00:00",""
"212","590","1","1994-05-15 00:00:00",""
"213","591","1","2004-03-11 00:00:00",""
"214","592","1","2011-10-29 00:00:00",""
"215","593","1","2014-04-12 00:00:00",""
"216","594","1","1987-12-07 00:00:00",""
"217","595","1","2007-08-26 00:00:00",""
"218","596","1","2016-03-08 00:00:00",""
"219","597","1","1991-08-20 00:00:00",""
"220","598","1","1996-05-19 00:00:00",""
"221","599","1","1991-11-09 00:00:00",""
"222","600","1","2001-01-01 00:00:00",""
"223","601","1","1997-08-02 00:00:00",""
"224","602","1","2011-03-29 00:00:00",""
"225","603","1","1981-11-01 00:00:00",""
"226","604","1","2015-10-20 00:00:00",""
"227","605","1","2017-05-07 00:00:00",""
"228","606","1","2010-06-25 00:00:00",""
"229","607","1","2013-12-28 00:00:00",""
"230","608","1","1997-05-10 00:00:00",""
"231","609","1","2012-10-23 00:00:00",""
"232","610","1","2001-09-06 00:00:00",""
"233","611","1","1990-05-22 00:00:00",""
"234","612","1","2006-12-10 00:00:00",""
"235","613","1","2011-10-21 00:00:00",""
"236","614","1","2001-12-03 00:00:00",""
"237","615","1","2015-04-28 00:00:00",""
"238","616","1","2013-03-09 00:00:00",""
"239","617","1","2016-11-09 00:00:00",""
"240","618","1","2014-05-13 00:00:00",""
"241","619","1","2017-06-27 00:00:00",""
"242","620","1","1995-06-30 00:00:00",""
"243","621","1","2007-04-07 00:00:00",""
"244","622","1","1997-06-15 00:00:00",""
"245","623","1","1997-02-16 00:00:00",""
"246","624","1","1990-11-25 00:00:00",""
"247","625","1","2010-04-03 00:00:00",""
"248","626","1","2017-04-25 00:00:00",""
"249","627","1","2017-05-19 00:00:00",""
"250","628","1","2008-03-05 00:00:00",""
"251","629","1","2014-04-04 00:00:00",""
"252","630","1","1985-06-10 00:00:00",""
"253","631","1","1992-05-09 00:00:00",""
"254","632","1","2015-01-04 00:00:00",""
"255","633","1","2011-10-08 00:00:00",""
"256","634","1","2016-07-06 00:00:00",""
"257","635","1","2012-02-22 00:00:00",""
"258","636","1","2015-12-18 00:00:00",""
"259","637","1","1998-05-06 00:00:00",""
"260","638","1","2010-07-11 00:00:00",""
"261","639","1","1982-03-09 00:00:00",""
"262","640","1","2008-01-14 00:00:00",""
"263","641","1","2017-06-17 00:00:00",""
"264","642","1","2004-07-18 00:00:00",""
"265","643","1","2008-10-29 00:00:00",""
"266","644","1","2009-05-02 00:00:00",""
"267","645","1","2015-10-28 00:00:00",""
"268","646","1","2017-07-28 00:00:00",""
"269","647","1","2012-10-20 00:00:00",""
"270","648","1","2009-03-21 00:00:00",""
"271","649","1","2013-11-20 00:00:00",""
"272","650","1","2016-09-09 00:00:00",""
"273","651","1","2005-05-27 00:00:00",""
"274","652","1","2017-07-09 00:00:00",""
"275","653","1","2015-06-01 00:00:00",""
"276","654","1","2013-04-10 00:00:00",""
"277","655","1","2012-05-23 00:00:00",""
"278","656","1","2003-05-20 00:00:00",""
"279","657","1","2016-12-18 00:00:00",""
"280","658","1","2015-09-24 00:00:00",""
"282","659","1","2011-05-04 00:00:00",""
"283","660","1","2017-02-16 00:00:00",""
"284","661","1","2007-04-05 00:00:00","2017-06-20 00:00:00"
"286","662","1","2013-10-04 00:00:00",""
"287","663","1","2017-07-23 00:00:00",""
"288","664","1","1987-10-25 00:00:00",""
"289","665","1","2007-03-08 00:00:00",""
"290","666","1","1991-12-09 00:00:00",""
"291","667","1","2000-10-15 00:00:00",""
"292","668","1","2015-02-09 00:00:00",""
"293","669","1","2013-10-21 00:00:00",""
"294","670","1","2015-04-03 00:00:00",""
"295","671","1","1986-10-11 00:00:00",""
"296","672","1","1988-11-13 00:00:00",""
"297","673","1","1990-10-15 00:00:00",""
"298","674","1","2002-05-26 00:00:00",""
"299","675","1","1982-08-23 00:00:00",""
"300","676","1","2015-12-08 00:00:00",""
"301","677","1","2013-11-24 00:00:00",""
"302","678","1","2005-08-15 00:00:00",""
"303","679","1","2016-07-06 00:00:00",""
"304","680","1","1996-03-22 00:00:00",""
"305","681","1","2006-11-22 00:00:00",""
"306","682","1","1998-03-06 00:00:00",""
"307","683","1","2006-02-27 00:00:00",""
"308","684","1","2014-03-25 00:00:00",""
"309","685","1","2015-12-15 00:00:00",""
"310","686","1","2014-12-01 00:00:00",""
"311","687","1","2000-08-14 00:00:00",""
"312","688","1","2006-08-01 00:00:00",""
"313","689","1","2003-07-15 00:00:00",""
"314","690","1","1983-11-28 00:00:00",""
"315","691","1","2017-02-08 00:00:00",""
"316","692","1","2001-02-21 00:00:00","2017-06-20 00:00:00"
"318","693","1","2017-03-18 00:00:00",""
"319","694","1","1998-02-20 00:00:00",""
"320","695","1","2016-01-01 00:00:00",""
"321","696","1","2009-05-16 00:00:00",""
"322","697","1","2013-03-28 00:00:00",""
"323","698","1","1996-07-22 00:00:00",""
"324","699","1","2011-07-15 00:00:00",""
"325","700","1","2015-03-09 00:00:00",""
"326","701","1","2016-08-02 00:00:00",""
"328","702","1","2003-01-30 00:00:00",""
"329","703","1","2017-07-05 00:00:00",""
"330","704","1","2006-11-13 00:00:00",""
"331","705","1","2006-08-17 00:00:00",""
"332","706","1","2017-02-14 00:00:00",""
"333","707","1","2009-01-05 00:00:00",""
"334","708","1","2000-11-03 00:00:00",""
"335","709","1","2014-09-29 00:00:00",""
"336","710","1","2006-02-12 00:00:00",""
"337","711","1","1992-04-23 00:00:00",""
"338","712","1","2013-08-07 00:00:00",""
"339","713","1","1999-09-06 00:00:00",""
"340","714","1","2001-10-05 00:00:00",""
"341","715","1","2016-10-13 00:00:00",""
"342","716","1","2002-09-14 00:00:00",""
"343","717","1","2012-10-21 00:00:00",""
"344","718","1","2005-01-21 00:00:00",""
"345","719","1","2011-05-15 00:00:00",""
"346","720","1","2008-08-25 00:00:00",""
"347","721","1","2002-04-25 00:00:00",""
"348","722","1","2006-10-19 00:00:00",""
"349","723","1","2007-02-28 00:00:00",""
"350","724","1","1980-11-19 00:00:00",""
"351","725","1","2001-11-07 00:00:00",""
"352","726","1","2017-01-03 00:00:00",""
"353","727","1","2006-03-13 00:00:00",""
"354","728","1","2001-10-05 00:00:00",""
"355","729","1","1994-09-05 00:00:00","2017-06-20 00:00:00"
"357","730","1","1998-08-31 00:00:00",""
"358","731","1","2014-08-10 00:00:00",""
"359","732","1","2014-07-11 00:00:00",""
"360","733","1","2011-09-09 00:00:00",""
"362","734","1","1992-09-14 00:00:00",""
"363","735","1","2006-11-20 00:00:00",""
"364","736","1","1994-10-22 00:00:00",""
"365","737","1","1985-03-03 00:00:00",""
"366","738","1","1984-09-12 00:00:00",""
"367","739","1","2016-06-23 00:00:00",""
"368","740","1","2016-10-24 00:00:00",""
"369","741","1","2008-12-29 00:00:00",""
"370","742","1","2015-10-25 00:00:00",""
"371","743","1","2000-04-07 00:00:00",""
"372","744","1","2007-12-11 00:00:00",""
"373","745","1","2006-03-03 00:00:00",""
"374","746","1","1998-05-08 00:00:00",""
"375","747","1","2017-06-10 00:00:00",""
"376","748","1","2015-03-14 00:00:00",""
"377","749","1","1998-10-22 00:00:00",""
"378","750","1","1990-09-19 00:00:00",""
"379","751","1","1996-04-22 00:00:00",""
"380","752","1","2017-04-01 00:00:00",""
"381","753","1","2010-04-16 00:00:00",""
"382","754","1","2015-03-11 00:00:00",""
"383","755","1","2012-03-20 00:00:00","2017-06-20 00:00:00"
"385","756","1","2016-07-21 00:00:00",""
"386","757","1","2003-11-24 00:00:00",""
"387","758","1","2009-12-03 00:00:00",""
"388","759","1","2012-08-02 00:00:00",""
"389","760","1","2008-08-21 00:00:00",""
"390","761","1","2017-06-27 00:00:00",""
"391","762","1","2009-11-29 00:00:00",""
"392","763","1","2012-06-07 00:00:00",""
"393","764","1","2012-07-30 00:00:00",""
"394","765","1","2010-12-27 00:00:00",""
"395","766","1","2009-02-17 00:00:00",""
"396","767","1","2011-03-27 00:00:00",""
"397","768","1","2014-12-10 00:00:00",""
"398","769","1","2016-03-06 00:00:00",""
"399","770","1","1998-11-26 00:00:00",""
"400","771","1","2015-08-25 00:00:00",""
"401","772","1","2014-12-02 00:00:00",""
"402","773","1","1993-06-17 00:00:00",""
"403","774","1","2016-05-19 00:00:00",""
"404","775","1","2001-11-16 00:00:00",""
"405","776","1","1999-05-12 00:00:00",""
"406","777","1","1987-09-02 00:00:00",""
"407","778","1","1999-12-31 00:00:00",""
"408","779","1","2016-03-20 00:00:00",""
"409","780","1","2014-11-06 00:00:00",""
"410","781","1","2009-02-21 00:00:00",""
"411","782","1","2000-06-22 00:00:00",""
"412","783","1","2001-11-13 00:00:00",""
"413","784","1","1999-10-04 00:00:00",""
"414","785","1","1992-09-25 00:00:00",""
"415","786","1","2000-06-02 00:00:00",""
"416","787","1","2012-01-27 00:00:00",""
"417","788","1","1997-03-07 00:00:00",""
"418","789","1","2016-11-22 00:00:00",""
"419","790","1","2015-01-15 00:00:00",""
"420","791","1","2002-11-11 00:00:00",""
"421","792","1","2009-11-26 00:00:00",""
"422","793","1","2011-03-16 00:00:00",""
"423","794","1","1997-10-22 00:00:00",""
"424","795","1","2001-11-23 00:00:00",""
"425","796","1","2017-06-09 00:00:00",""
"426","797","1","2016-10-17 00:00:00",""
"427","798","1","2007-02-01 00:00:00",""
"428","799","1","2008-03-24 00:00:00",""
"429","800","1","2009-02-10 00:00:00",""
"430","801","1","1999-04-27 00:00:00",""
"431","802","1","2005-07-04 00:00:00",""
"432","803","1","1982-02-26 00:00:00",""
"433","804","1","2011-09-13 00:00:00",""
"434","805","1","1999-02-21 00:00:00",""
"435","806","1","2015-06-17 00:00:00",""
"436","807","1","2012-09-23 00:00:00",""
"437","808","1","2017-06-11 00:00:00",""
"438","809","1","2011-07-31 00:00:00",""
"439","810","1","2016-05-23 00:00:00",""
"440","811","1","1999-06-24 00:00:00",""
"441","812","1","2013-06-09 00:00:00",""
"443","813","1","2001-03-05 00:00:00",""
"444","814","1","2007-06-01 00:00:00",""
"445","815","1","2015-05-05 00:00:00",""
"446","816","1","2011-09-20 00:00:00",""
"447","817","1","2010-03-05 00:00:00",""
"448","818","1","2016-12-06 00:00:00",""
"449","819","1","1986-10-14 00:00:00",""
"450","820","1","2015-10-10 00:00:00",""
"451","821","1","2011-09-17 00:00:00",""
"452","822","1","1994-11-19 00:00:00",""
"453","823","1","1998-09-26 00:00:00",""
"454","824","1","2004-09-02 00:00:00",""
"455","825","1","2017-06-25 00:00:00",""
"456","826","1","2017-05-01 00:00:00",""
"457","827","1","2016-09-03 00:00:00",""
"458","828","1","1990-08-09 00:00:00",""
"459","829","1","2015-08-15 00:00:00",""
"460","830","1","1997-10-11 00:00:00",""
"461","831","1","2004-01-15 00:00:00",""
"462","832","1","2010-05-02 00:00:00",""
"463","833","1","2017-03-17 00:00:00",""
"464","834","1","2014-02-24 00:00:00",""
"465","835","1","1995-11-13 00:00:00",""
"466","836","1","2015-11-10 00:00:00",""
"467","837","1","2010-02-24 00:00:00",""
"468","838","1","2015-10-16 00:00:00",""
"469","839","1","2012-03-04 00:00:00",""
"470","840","1","2016-12-24 00:00:00",""
"471","841","1","2008-06-15 00:00:00",""
"472","842","1","1990-11-24 00:00:00",""
"473","843","1","2017-03-11 00:00:00",""
"474","844","1","2014-06-02 00:00:00",""
"475","845","1","2017-01-29 00:00:00",""
"476","846","1","2012-11-05 00:00:00",""
"477","847","1","2012-11-25 00:00:00",""
"478","848","1","2016-05-06 00:00:00",""
"479","849","1","1999-12-09 00:00:00",""
"480","850","1","2003-02-13 00:00:00",""
"481","851","1","2011-01-09 00:00:00",""
"482","852","1","1982-07-13 00:00:00",""
"483","853","1","2012-10-21 00:00:00",""
"484","854","1","2011-05-07 00:00:00",""
"485","855","1","2010-06-30 00:00:00",""
"486","856","1","2014-05-07 00:00:00",""
"487","857","1","2016-08-06 00:00:00",""
"488","858","1","2013-04-06 00:00:00",""
"489","859","1","2013-08-07 00:00:00",""
"490","860","1","2007-08-07 00:00:00",""
"491","861","1","2017-06-09 00:00:00",""
"492","862","1","2003-03-08 00:00:00",""
"493","863","1","2008-07-30 00:00:00",""
"494","864","1","2012-10-19 00:00:00",""
"495","865","1","2002-04-22 00:00:00",""
"496","866","1","2007-05-19 00:00:00",""
"497","867","1","2015-04-28 00:00:00",""
"498","868","1","1980-10-12 00:00:00",""
"499","869","1","2004-07-22 00:00:00",""
"500","870","1","2005-04-02 00:00:00",""
"501","871","1","2004-01-18 00:00:00",""
"502","872","1","2012-10-25 00:00:00",""
"503","873","1","1993-08-22 00:00:00",""
"504","874","1","2007-11-20 00:00:00",""
"505","875","1","1995-10-12 00:00:00",""
"506","876","1","2010-02-08 00:00:00",""
"507","877","1","1999-07-09 00:00:00",""
"508","878","1","2011-08-03 00:00:00",""
"509","879","1","1990-02-27 00:00:00",""
"510","880","1","2004-07-12 00:00:00",""
"511","881","1","2000-08-09 00:00:00",""
"512","882","1","2017-01-21 00:00:00",""
"513","883","1","1999-12-23 00:00:00",""
"514","884","1","2001-04-09 00:00:00",""
"515","885","1","2016-07-17 00:00:00",""
"516","886","1","2006-03-19 00:00:00","2017-06-20 00:00:00"
"518","887","1","2014-07-28 00:00:00",""
"519","888","1","2015-05-19 00:00:00",""
"520","889","1","2010-11-30 00:00:00",""
"521","890","1","2002-07-24 00:00:00",""
"523","891","1","2016-04-06 00:00:00",""
"524","892","1","2012-09-02 00:00:00","2017-06-20 00:00:00"
"526","893","1","1998-12-24 00:00:00",""
"527","894","1","2017-03-07 00:00:00",""
"528","895","1","2014-11-02 00:00:00",""
"529","896","1","2013-02-24 00:00:00",""
"530","897","1","2016-03-21 00:00:00","2017-06-20 00:00:00"
"532","898","1","2016-02-29 00:00:00",""
"533","899","1","2011-12-10 00:00:00",""
"534","900","1","2015-02-07 00:00:00",""
"535","901","1","2017-07-09 00:00:00",""
"537","902","1","2006-09-18 00:00:00",""
"538","903","1","2009-07-25 00:00:00",""
"539","904","1","2006-06-05 00:00:00",""
"540","905","1","2008-12-19 00:00:00",""
"541","906","1","2008-06-30 00:00:00",""
"542","907","1","2013-03-24 00:00:00",""
"543","908","1","2003-10-27 00:00:00",""
"544","909","1","2017-03-16 00:00:00",""
"545","910","1","2006-11-26 00:00:00",""
"546","911","1","1986-09-27 00:00:00",""
"547","912","1","2012-03-11 00:00:00",""
"549","913","1","2017-04-20 00:00:00",""
"550","914","1","2014-04-05 00:00:00",""
"551","915","1","2008-08-12 00:00:00",""
"552","916","1","2017-05-11 00:00:00",""
"553","917","1","2009-03-19 00:00:00",""
"554","918","1","1984-07-23 00:00:00",""
"555","919","1","1992-08-31 00:00:00","2017-06-20 00:00:00"
"557","920","1","1999-10-03 00:00:00",""
"559","921","1","2015-02-25 00:00:00",""
"560","922","1","2010-02-21 00:00:00",""
"561","923","1","1999-06-09 00:00:00",""
"562","924","1","2009-03-12 00:00:00",""
"563","925","1","2014-03-07 00:00:00",""
"564","926","1","2011-02-11 00:00:00",""
"566","927","1","1999-08-19 00:00:00",""
"567","928","1","1994-03-25 00:00:00",""
"568","929","1","2012-02-22 00:00:00",""
"569","930","1","2008-04-12 00:00:00",""
"570","931","1","2012-08-24 00:00:00",""
"571","932","1","2012-01-31 00:00:00",""
"573","933","1","2012-08-17 00:00:00",""
"574","934","1","1985-09-07 00:00:00",""
"575","935","1","2015-10-09 00:00:00",""
"576","936","1","1986-05-07 00:00:00",""
"577","937","1","2017-06-17 00:00:00",""
"578","938","1","2014-05-06 00:00:00",""
"579","939","1","2014-07-03 00:00:00",""
"580","940","1","2016-12-18 00:00:00",""
"582","941","1","2014-10-11 00:00:00",""
"583","942","1","2007-09-09 00:00:00",""
"584","943","1","1990-01-19 00:00:00",""
"585","944","1","2010-05-22 00:00:00",""
"586","945","1","2005-11-07 00:00:00",""
"587","946","1","2012-03-11 00:00:00","2017-06-20 00:00:00"
"589","947","1","1997-09-09 00:00:00",""
"590","948","1","2015-08-05 00:00:00",""
"591","949","1","2001-01-11 00:00:00",""
"592","950","1","2014-03-09 00:00:00",""
"593","951","1","2014-08-01 00:00:00",""
"594","952","1","2014-07-02 00:00:00",""
"595","953","1","2014-02-06 00:00:00",""
"596","954","1","1997-05-16 00:00:00",""
"597","955","1","2009-07-27 00:00:00",""
"598","956","1","2003-10-04 00:00:00",""
"599","957","1","2016-10-13 00:00:00",""
"600","958","1","2015-12-24 00:00:00",""
"601","959","1","2011-06-02 00:00:00",""
"602","960","1","2017-07-06 00:00:00",""
"603","961","1","2011-05-31 00:00:00",""
"604","962","1","2011-08-12 00:00:00","2017-06-20 00:00:00"
"606","963","1","2006-08-28 00:00:00",""
"607","964","1","2001-08-29 00:00:00",""
"608","965","1","2008-04-06 00:00:00",""
"609","966","1","1987-11-18 00:00:00",""
"610","967","1","2007-02-15 00:00:00",""
"611","968","1","2008-05-19 00:00:00",""
"612","969","1","2004-02-22 00:00:00",""
"613","970","1","2012-04-15 00:00:00",""
"614","971","1","2014-01-20 00:00:00",""
"615","972","1","2014-04-06 00:00:00",""
"616","973","1","2010-08-25 00:00:00",""
"617","974","1","2015-02-06 00:00:00",""
"618","975","1","2017-04-26 00:00:00",""
"619","976","1","2005-03-22 00:00:00",""
"620","977","1","2017-06-10 00:00:00",""
"621","978","1","1996-09-18 00:00:00",""
"622","979","1","2003-01-07 00:00:00",""
"624","980","1","2006-09-21 00:00:00",""
"625","981","1","2009-11-16 00:00:00",""
"626","982","1","2010-11-11 00:00:00",""
"627","983","1","2008-10-15 00:00:00",""
"628","984","1","2000-05-29 00:00:00",""
"629","985","1","2015-02-08 00:00:00",""
"630","986","1","2011-02-03 00:00:00",""
"631","987","1","2013-05-21 00:00:00",""
"632","988","1","2008-01-30 00:00:00",""
"633","989","1","2009-09-25 00:00:00",""
"634","990","1","2016-09-21 00:00:00",""
"635","991","1","2008-05-24 00:00:00",""
"636","992","1","2014-01-06 00:00:00","2017-06-20 00:00:00"
"638","993","1","1993-04-27 00:00:00",""
"639","994","1","2015-05-19 00:00:00",""
"640","995","1","2008-06-22 00:00:00",""
"641","996","1","2015-06-27 00:00:00",""
"642","997","1","2010-05-03 00:00:00",""
"643","998","1","1999-08-24 00:00:00",""
"644","999","1","1999-06-18 00:00:00",""
"645","1000","1","1983-09-23 00:00:00",""
"646","1001","1","2013-06-05 00:00:00",""
"647","1002","1","2016-12-15 00:00:00",""
"649","1003","1","2011-03-08 00:00:00",""
"650","1004","1","2003-12-24 00:00:00",""
"651","1005","1","2010-12-18 00:00:00",""
"652","1006","1","2010-10-25 00:00:00",""
"653","1007","1","2007-07-04 00:00:00",""
"654","1008","1","2016-03-06 00:00:00",""
"655","1009","1","2016-06-04 00:00:00",""
"656","1010","1","1992-03-19 00:00:00",""
"657","1011","1","2006-12-29 00:00:00",""
"658","1012","1","1997-04-15 00:00:00",""
"659","1013","1","2008-10-14 00:00:00",""
"660","1014","1","2013-06-13 00:00:00",""
"661","1015","1","2004-09-05 00:00:00",""
"662","1016","1","2016-06-30 00:00:00",""
"663","1017","1","2010-02-22 00:00:00",""
"664","1018","1","1987-12-14 00:00:00",""
"665","1019","1","2010-04-09 00:00:00",""
"666","1020","1","2008-06-04 00:00:00","2017-06-20 00:00:00"
"668","1021","1","2016-08-14 00:00:00",""
"669","1022","1","2004-01-01 00:00:00",""
"670","1023","1","2008-05-03 00:00:00",""
"671","1024","1","2006-10-12 00:00:00",""
"672","1025","1","2007-08-26 00:00:00",""
"673","1026","1","1997-06-29 00:00:00",""
"674","1027","1","2011-02-22 00:00:00",""
"675","1028","1","2010-06-12 00:00:00",""
"676","1029","1","1993-03-19 00:00:00",""
"677","1030","1","2001-01-19 00:00:00",""
"678","1031","1","2014-08-30 00:00:00",""
"679","1032","1","2001-09-22 00:00:00",""
"680","1033","1","2017-04-11 00:00:00",""
"681","1034","1","2008-10-06 00:00:00",""
"682","1035","1","2017-06-08 00:00:00",""
"683","1036","1","2014-06-14 00:00:00","2017-06-20 00:00:00"
"685","1037","1","2011-06-08 00:00:00",""
"686","1038","1","1994-06-26 00:00:00",""
"687","1039","1","2016-12-15 00:00:00",""
"688","1040","1","2009-07-11 00:00:00",""
"689","1041","1","2006-05-17 00:00:00",""
"690","1042","1","1990-06-28 00:00:00",""
"691","1043","1","2003-01-26 00:00:00",""
"692","1044","1","2003-03-25 00:00:00",""
"693","1045","1","1999-11-28 00:00:00",""
"694","1046","1","1986-01-13 00:00:00",""
"695","1047","1","2006-07-21 00:00:00",""
"696","1048","1","2016-05-06 00:00:00",""
"697","1049","1","2013-12-05 00:00:00",""
"698","1050","1","1988-12-28 00:00:00",""
"699","1051","1","2016-09-20 00:00:00",""
"700","1052","1","2015-11-24 00:00:00",""
"701","1053","1","2006-07-07 00:00:00",""
"702","1054","1","2001-09-11 00:00:00",""
"703","1055","1","2011-10-02 00:00:00",""
"704","1056","1","2015-12-05 00:00:00",""
"705","1057","1","2013-07-08 00:00:00",""
"706","1058","1","1990-02-03 00:00:00",""
"707","1059","1","1999-02-14 00:00:00",""
"708","1060","1","2007-12-08 00:00:00",""
"709","1061","1","1989-05-14 00:00:00",""
"710","1062","1","2008-02-15 00:00:00",""
"711","1063","1","2006-11-14 00:00:00",""
"712","1064","1","2007-04-26 00:00:00",""
"713","1065","1","2008-01-30 00:00:00",""
"714","1066","1","2013-06-21 00:00:00",""
"715","1067","1","2004-04-30 00:00:00",""
"716","1068","1","1998-08-22 00:00:00",""
"717","1069","1","1993-11-05 00:00:00",""
"718","1070","1","2011-02-04 00:00:00",""
"719","1071","1","2013-11-01 00:00:00",""
"720","1072","1","2013-04-29 00:00:00",""
"721","1073","1","2002-07-29 00:00:00",""
"722","1074","1","2005-01-30 00:00:00",""
"723","1075","1","2016-09-08 00:00:00",""
"724","1076","1","2014-10-17 00:00:00",""
"725","1077","1","2015-11-23 00:00:00",""
"726","1078","1","1994-12-31 00:00:00","2017-06-20 00:00:00"
"728","1079","1","2010-05-24 00:00:00",""
"729","1080","1","2009-08-18 00:00:00",""
"730","1081","1","2003-04-25 00:00:00",""
"731","1082","1","2003-10-24 00:00:00",""
"732","1083","1","2007-06-13 00:00:00",""
"733","1084","1","2004-11-04 00:00:00",""
"734","1085","1","2015-02-10 00:00:00",""
"735","1086","1","2016-06-18 00:00:00",""
"736","1087","1","2014-05-29 00:00:00",""
"737","1088","1","2012-12-22 00:00:00",""
"738","1089","1","1996-03-07 00:00:00","2017-06-20 00:00:00"
"740","1090","1","2016-09-21 00:00:00",""
"741","1091","1","2017-07-18 00:00:00",""
"743","1092","1","2016-07-12 00:00:00",""
"744","1093","1","2012-04-20 00:00:00",""
"745","1094","1","2010-06-15 00:00:00",""
"746","1095","1","2015-04-24 00:00:00",""
"747","1096","1","2017-03-13 00:00:00",""
"748","1097","1","2006-12-22 00:00:00",""
"749","1098","1","2010-05-17 00:00:00",""
"750","1099","1","1995-03-16 00:00:00",""
"751","1100","1","2003-10-11 00:00:00",""
"752","1101","1","2017-04-18 00:00:00",""
"753","1102","1","2017-07-19 00:00:00",""
"754","1103","1","2017-07-01 00:00:00",""
"755","1104","1","2001-01-07 00:00:00",""
"756","1105","1","2017-07-27 00:00:00",""
"757","1106","1","2017-05-08 00:00:00",""
"758","1107","1","1988-10-03 00:00:00",""
"759","1108","1","2012-11-08 00:00:00",""
"760","1109","1","2015-11-17 00:00:00",""
"762","1110","1","2012-06-01 00:00:00",""
"763","1111","1","2008-05-13 00:00:00",""
"764","1112","1","1996-04-15 00:00:00",""
"765","1113","1","2011-07-06 00:00:00",""
"766","1114","1","1983-05-22 00:00:00",""
"767","1115","1","2017-05-24 00:00:00",""
"768","1116","1","1999-10-24 00:00:00",""
"769","1117","1","1999-01-20 00:00:00",""
"770","1118","1","2000-07-17 00:00:00",""
"771","1119","1","2008-08-23 00:00:00",""
"772","1120","1","2010-04-28 00:00:00",""
"773","1121","1","1996-03-12 00:00:00",""
"774","1122","1","1990-12-13 00:00:00",""
"775","1123","1","2000-08-07 00:00:00",""
"776","1124","1","1997-09-28 00:00:00",""
"777","1125","1","2007-05-17 00:00:00",""
"778","1126","1","2014-04-07 00:00:00",""
"779","1127","1","2014-02-06 00:00:00",""
"780","1128","1","2002-10-07 00:00:00",""
"781","1129","1","2015-02-26 00:00:00",""
"782","1130","1","2016-02-13 00:00:00",""
"783","1131","1","2016-04-25 00:00:00",""
"784","1132","1","2009-01-09 00:00:00",""
"785","1133","1","2001-12-14 00:00:00",""
"786","1134","1","1984-01-19 00:00:00",""
"787","1135","1","1997-01-23 00:00:00",""
"788","1136","1","2003-11-15 00:00:00",""
"789","1137","1","2016-04-03 00:00:00",""
"790","1138","1","1998-06-16 00:00:00",""
"791","1139","1","2011-05-27 00:00:00",""
"792","1140","1","2006-01-26 00:00:00",""
"793","1141","1","2017-05-12 00:00:00",""
"794","1142","1","2008-10-13 00:00:00",""
"795","1143","1","2004-01-17 00:00:00",""
"796","1144","1","1993-05-07 00:00:00",""
"797","1145","1","2004-06-07 00:00:00",""
"798","1146","1","2010-05-17 00:00:00",""
"800","1147","1","1998-08-05 00:00:00",""
"801","1148","1","2013-08-02 00:00:00",""
"802","1149","1","2011-04-02 00:00:00",""
"803","1150","1","2003-09-24 00:00:00",""
"804","1151","1","1995-03-21 00:00:00",""
"805","1152","1","2011-07-14 00:00:00",""
"806","1153","1","2016-07-08 00:00:00",""
"807","1154","1","2015-12-30 00:00:00",""
"808","1155","1","2013-04-28 00:00:00",""
"809","1156","1","2013-12-05 00:00:00",""
"810","1157","1","2014-09-06 00:00:00",""
"811","1158","1","2015-06-06 00:00:00",""
"813","1159","1","2017-01-01 00:00:00",""
"814","1160","1","1984-02-16 00:00:00",""
"815","1161","1","2009-11-28 00:00:00",""
"816","1162","1","2014-02-05 00:00:00",""
"817","1163","1","2013-12-13 00:00:00",""
"818","1164","1","2015-07-30 00:00:00",""
"819","1165","1","1997-01-27 00:00:00",""
"820","1166","1","2009-09-02 00:00:00",""
"821","1167","1","2007-09-05 00:00:00",""
"822","1168","1","2016-12-27 00:00:00",""
"823","1169","1","2001-06-04 00:00:00",""
"824","1170","1","2008-03-19 00:00:00",""
"825","1171","1","2012-08-12 00:00:00",""
"826","1172","1","2012-12-22 00:00:00",""
"827","1173","1","1996-04-08 00:00:00",""
"828","1174","1","1990-05-24 00:00:00",""
"829","1175","1","2011-08-11 00:00:00",""
"830","1176","1","2013-01-17 00:00:00",""
"831","1177","1","2012-04-24 00:00:00",""
"833","1178","1","2017-01-07 00:00:00",""
"834","1179","1","2007-07-16 00:00:00",""
"835","1180","1","2015-12-29 00:00:00",""
"836","1181","1","2010-06-15 00:00:00",""
"837","1182","1","2013-09-09 00:00:00",""
"838","1183","1","2014-10-19 00:00:00",""
"839","1184","1","2013-08-29 00:00:00",""
"840","1185","1","2017-03-28 00:00:00",""
"841","1186","1","2001-03-08 00:00:00",""
"842","1187","1","2011-08-17 00:00:00",""
"843","1188","1","2013-02-17 00:00:00",""
"844","1189","1","2002-06-01 00:00:00",""
"845","1190","1","2005-10-03 00:00:00",""
"846","1191","1","2010-05-10 00:00:00",""
"847","1192","1","1990-02-19 00:00:00",""
"848","1193","1","2016-10-18 00:00:00",""
"849","1194","1","1996-07-08 00:00:00",""
"850","1195","1","2014-01-14 00:00:00",""
"851","1196","1","2012-03-27 00:00:00",""
"853","1197","1","2017-06-24 00:00:00",""
"854","1198","1","2014-07-10 00:00:00",""
"855","1199","1","2015-03-18 00:00:00",""
"856","1200","1","2016-01-30 00:00:00",""
"1197","1036","1","2015-06-22 00:00:00",""
"1235","755","1","2016-10-09 00:00:00",""
"1581","384","1","2017-04-29 00:00:00",""
"1617","1196","1","1996-01-10 00:00:00","2017-06-20 00:00:00"
"1885","932","1","2007-10-14 00:00:00","2017-06-20 00:00:00"
"2022","2","1","2017-07-21 00:00:00",""
"2023","3","1","2014-01-12 00:00:00",""
"2024","4","1","2004-09-24 00:00:00",""
"2025","5","1","2001-08-22 00:00:00",""
"2026","6","1","2014-04-22 00:00:00",""
"2027","7","1","2004-08-26 00:00:00",""
"2028","8","1","2014-11-19 00:00:00",""
"2029","9","1","2003-11-21 00:00:00",""
"2030","10","1","1999-03-25 00:00:00",""
"2031","11","1","2012-04-22 00:00:00",""
"2032","12","1","2013-03-16 00:00:00",""
"2033","13","1","2011-06-17 00:00:00",""
"2034","14","1","2014-11-26 00:00:00",""
"2035","15","1","2012-08-21 00:00:00",""
"2036","16","1","1996-01-12 00:00:00",""
"2037","17","1","2014-04-03 00:00:00",""
"2038","18","1","2005-01-26 00:00:00",""
"2039","19","1","2017-04-09 00:00:00",""
"2040","20","1","2011-01-19 00:00:00",""
"2041","21","1","1995-02-20 00:00:00",""
"2042","22","1","2016-09-10 00:00:00",""
"2043","23","1","1999-09-27 00:00:00",""
"2044","24","1","2006-02-19 00:00:00",""
"2045","25","1","2017-04-19 00:00:00",""
"2046","26","1","2002-04-10 00:00:00",""
"2047","27","1","1979-11-01 00:00:00",""
"2048","28","1","2006-09-28 00:00:00",""
"2049","29","1","2002-11-13 00:00:00",""
"2050","30","1","1995-09-18 00:00:00",""
"2051","31","1","2007-07-30 00:00:00",""
"2052","32","1","2013-06-30 00:00:00",""
"2053","33","1","2011-10-22 00:00:00",""
"2054","34","1","2005-10-25 00:00:00",""
"2055","35","1","2004-05-23 00:00:00",""
"2056","36","1","1999-01-07 00:00:00",""
"2057","37","1","2017-06-05 00:00:00",""
"2058","38","1","1987-10-29 00:00:00",""
"2059","39","1","2004-01-19 00:00:00",""
"2060","40","1","1995-09-23 00:00:00",""
"2061","41","1","2014-11-23 00:00:00",""
"2062","42","1","2001-11-29 00:00:00",""
"2063","43","1","1997-11-10 00:00:00",""
"2064","44","1","2013-06-11 00:00:00",""
"2065","45","1","2017-02-21 00:00:00",""
"2066","46","1","1998-06-16 00:00:00",""
"2067","47","1","2013-07-31 00:00:00",""
"2068","48","1","2017-06-12 00:00:00",""
"2069","49","1","1991-12-13 00:00:00",""
"2070","50","1","2010-10-24 00:00:00",""
"2071","51","1","1981-05-16 00:00:00",""
"2072","52","1","2013-06-09 00:00:00",""
"2073","53","1","2006-05-19 00:00:00",""
"2074","54","1","2000-03-14 00:00:00",""
"2075","55","1","2015-12-13 00:00:00",""
"2076","56","1","2016-12-01 00:00:00",""
"2077","57","1","2002-08-05 00:00:00",""
"2078","58","1","2007-12-24 00:00:00",""
"2079","59","1","2003-05-28 00:00:00",""
"2080","60","1","2009-10-24 00:00:00",""
"2081","61","1","2017-04-18 00:00:00",""
"2082","62","1","2015-07-29 00:00:00",""
"2083","63","1","1993-09-14 00:00:00",""
"2084","64","1","2007-12-02 00:00:00",""
"2085","65","1","2010-06-23 00:00:00",""
"2086","66","1","1999-08-09 00:00:00",""
"2087","67","1","1995-01-26 00:00:00",""
"2088","68","1","2012-06-30 00:00:00",""
"2089","69","1","2009-11-06 00:00:00",""
"2090","70","1","2014-07-22 00:00:00",""
"2091","71","1","2004-08-24 00:00:00",""
"2092","72","1","2008-06-20 00:00:00",""
"2093","73","1","1997-10-24 00:00:00",""
"2094","74","1","2009-01-15 00:00:00",""
"2095","75","1","2016-01-07 00:00:00",""
"2096","76","1","2013-02-24 00:00:00",""
"2097","77","1","1997-09-15 00:00:00",""
"2098","78","1","2015-04-20 00:00:00",""
"2099","79","1","2010-06-15 00:00:00",""
"2100","80","1","2003-02-12 00:00:00",""
"2101","81","1","1995-03-10 00:00:00",""
"2102","82","1","1997-10-09 00:00:00",""
"2103","83","1","2007-11-08 00:00:00",""
"2104","84","1","2005-05-23 00:00:00",""
"2105","85","1","2006-04-03 00:00:00",""
"2106","86","1","2011-11-24 00:00:00","2017-06-20 00:00:00"
"2108","87","1","2015-12-21 00:00:00",""
"2109","88","1","2016-11-07 00:00:00",""
"2110","89","1","1996-05-04 00:00:00",""
"2111","90","1","2012-11-05 00:00:00",""
"2112","91","1","2008-11-10 00:00:00",""
"2113","92","1","2016-05-09 00:00:00",""
"2114","93","1","2017-07-28 00:00:00",""
"2115","94","1","1982-12-23 00:00:00",""
"2116","95","1","2016-01-10 00:00:00",""
"2117","96","1","1996-07-15 00:00:00",""
"2118","97","1","2011-01-11 00:00:00",""
"2119","98","1","1992-05-05 00:00:00",""
"2120","99","1","1995-07-09 00:00:00",""
"2121","100","1","2004-07-03 00:00:00",""
"2122","101","1","2013-08-22 00:00:00",""
"2123","102","1","2013-01-09 00:00:00",""
"2124","103","1","2006-08-31 00:00:00",""
"2125","104","1","2004-10-14 00:00:00",""
"2126","105","1","1993-12-13 00:00:00",""
"2127","106","1","1979-03-18 00:00:00",""
"2128","107","1","2007-11-30 00:00:00",""
"2129","108","1","1993-09-10 00:00:00",""
"2130","109","1","2017-01-19 00:00:00",""
"2131","110","1","2015-01-06 00:00:00",""
"2132","111","1","2016-12-24 00:00:00",""
"2133","112","1","1996-06-03 00:00:00",""
"2134","113","1","2011-09-24 00:00:00",""
"2135","114","1","2015-09-16 00:00:00",""
"2136","115","1","2013-09-19 00:00:00",""
"2137","116","1","1995-12-29 00:00:00",""
"2138","117","1","1991-03-10 00:00:00",""
"2139","118","1","2006-06-03 00:00:00",""
"2140","119","1","1995-12-20 00:00:00",""
"2141","120","1","2013-07-20 00:00:00",""
"2142","121","1","2017-01-29 00:00:00",""
"2143","122","1","2007-08-13 00:00:00",""
"2144","123","1","2011-01-20 00:00:00",""
"2145","124","1","2011-10-12 00:00:00","2017-06-20 00:00:00"
"2147","125","1","2016-09-03 00:00:00",""
"2148","126","1","2017-02-06 00:00:00",""
"2149","127","1","1986-11-19 00:00:00",""
"2150","128","1","1990-12-28 00:00:00",""
"2151","129","1","1998-04-19 00:00:00",""
"2152","130","1","2014-12-02 00:00:00",""
"2153","131","1","2013-07-12 00:00:00",""
"2154","132","1","1989-11-19 00:00:00",""
"2155","133","1","2005-12-15 00:00:00",""
"2156","134","1","2012-11-12 00:00:00",""
"2157","135","1","2007-07-01 00:00:00",""
"2158","136","1","2010-04-02 00:00:00",""
"2159","137","1","2016-01-30 00:00:00",""
"2160","138","1","2012-05-02 00:00:00",""
"2161","139","1","2005-09-08 00:00:00",""
"2162","140","1","2015-10-30 00:00:00",""
"2163","141","1","2017-03-29 00:00:00",""
"2164","142","1","1983-08-31 00:00:00",""
"2165","143","1","2002-05-14 00:00:00",""
"2166","144","1","1992-11-26 00:00:00",""
"2167","145","1","1986-12-26 00:00:00",""
"2168","146","1","1997-08-23 00:00:00",""
"2169","147","1","1999-10-02 00:00:00",""
"2170","148","1","2001-08-08 00:00:00",""
"2171","149","1","2000-10-10 00:00:00",""
"2172","150","1","2006-08-18 00:00:00","2017-06-20 00:00:00"
"2174","151","1","2011-05-15 00:00:00",""
"2175","152","1","2017-05-03 00:00:00",""
"2176","153","1","2010-11-25 00:00:00",""
"2177","154","1","2017-03-30 00:00:00",""
"2178","155","1","2005-09-28 00:00:00",""
"2179","156","1","2009-05-05 00:00:00",""
"2180","157","1","2016-03-30 00:00:00",""
"2181","158","1","2017-05-28 00:00:00",""
"2182","159","1","2015-03-30 00:00:00",""
"2183","160","1","2011-07-28 00:00:00",""
"2184","161","1","2016-10-14 00:00:00",""
"2185","162","1","2013-06-08 00:00:00",""
"2186","163","1","2000-09-25 00:00:00",""
"2187","164","1","2011-02-20 00:00:00",""
"2188","165","1","1993-12-30 00:00:00",""
"2189","166","1","2013-12-31 00:00:00",""
"2190","167","1","2012-11-27 00:00:00",""
"2191","168","1","2015-06-02 00:00:00",""
"2192","169","1","2003-07-18 00:00:00",""
"2193","170","1","2015-05-05 00:00:00",""
"2194","171","1","2012-04-10 00:00:00",""
"2195","172","1","2013-10-24 00:00:00",""
"2196","173","1","1993-03-17 00:00:00",""
"2197","174","1","2012-10-24 00:00:00",""
"2198","175","1","1996-06-08 00:00:00",""
"2199","176","1","2008-03-27 00:00:00",""
"2200","177","1","2011-07-07 00:00:00",""
"2201","178","1","2016-08-11 00:00:00",""
"2202","179","1","2014-10-06 00:00:00",""
"2203","180","1","2014-05-29 00:00:00",""
"2204","181","1","2015-06-24 00:00:00",""
"2205","182","1","2014-11-24 00:00:00",""
"2206","183","1","2009-12-13 00:00:00",""
"2207","184","1","2011-04-11 00:00:00",""
"2208","185","1","1985-09-20 00:00:00",""
"2209","186","1","1997-06-28 00:00:00",""
"2210","187","1","2017-04-20 00:00:00",""
"2211","188","1","2006-08-16 00:00:00",""
"2212","189","1","2001-10-12 00:00:00",""
"2213","190","1","1994-05-22 00:00:00",""
"2214","191","1","2001-09-30 00:00:00",""
"2215","192","1","2012-09-01 00:00:00",""
"2216","193","1","2008-10-22 00:00:00",""
"2217","194","1","2015-07-24 00:00:00",""
"2218","195","1","2001-10-26 00:00:00",""
"2219","196","1","2017-04-10 00:00:00",""
"2220","197","1","2012-07-15 00:00:00",""
"2221","198","1","2013-11-08 00:00:00",""
"2222","199","1","1992-03-13 00:00:00",""
"2223","200","1","2013-06-02 00:00:00",""
"2224","201","1","2014-08-09 00:00:00",""
"2225","202","1","2011-05-16 00:00:00",""
"2226","203","1","2010-10-09 00:00:00",""
"2227","204","1","2003-08-16 00:00:00",""
"2228","205","1","2012-09-16 00:00:00",""
"2229","206","1","2017-06-25 00:00:00",""
"2231","207","1","2008-06-29 00:00:00",""
"2232","208","1","2014-04-28 00:00:00",""
"2233","209","1","1999-05-18 00:00:00",""
"2234","210","1","2008-08-03 00:00:00",""
"2235","211","1","2000-09-18 00:00:00",""
"2236","212","1","2007-04-08 00:00:00",""
"2237","213","1","2017-04-29 00:00:00",""
"2238","214","1","2002-01-12 00:00:00",""
"2239","215","1","1989-09-10 00:00:00",""
"2240","216","1","2009-04-12 00:00:00",""
"2241","217","1","2007-07-09 00:00:00",""
"2242","218","1","2015-06-02 00:00:00",""
"2243","219","1","2016-11-24 00:00:00",""
"2244","220","1","2011-05-15 00:00:00","2017-06-20 00:00:00"
"2246","221","1","2009-03-04 00:00:00",""
"2247","222","1","2010-05-09 00:00:00",""
"2249","223","1","1991-04-19 00:00:00",""
"2250","224","1","2009-11-12 00:00:00",""
"2251","225","1","2017-06-06 00:00:00",""
"2252","226","1","1997-12-27 00:00:00",""
"2253","227","1","2015-08-29 00:00:00",""
"2254","228","1","2016-12-14 00:00:00",""
"2255","229","1","1987-11-30 00:00:00",""
"2256","230","1","1995-06-14 00:00:00",""
"2257","231","1","2004-10-28 00:00:00",""
"2258","232","1","2013-01-27 00:00:00",""
"2259","233","1","2012-01-15 00:00:00",""
"2260","234","1","2014-09-21 00:00:00",""
"2261","235","1","2016-03-22 00:00:00",""
"2262","236","1","1998-03-20 00:00:00","2017-06-20 00:00:00"
"2264","237","1","2007-11-29 00:00:00",""
"2265","238","1","2008-02-01 00:00:00",""
"2266","239","1","2017-07-08 00:00:00",""
"2267","240","1","2016-02-25 00:00:00",""
"2268","241","1","2000-05-21 00:00:00",""
"2269","242","1","2016-01-03 00:00:00",""
"2270","243","1","2011-01-12 00:00:00",""
"2271","244","1","2000-09-24 00:00:00",""
"2272","245","1","2017-06-12 00:00:00",""
"2273","246","1","2012-08-18 00:00:00",""
"2274","247","1","2017-06-02 00:00:00",""
"2275","248","1","2016-01-10 00:00:00",""
"2276","249","1","2008-05-01 00:00:00",""
"2277","250","1","2006-08-10 00:00:00",""
"2278","251","1","2006-12-29 00:00:00",""
"2279","252","1","1990-12-18 00:00:00",""
"2280","253","1","2000-06-07 00:00:00","2017-06-20 00:00:00"
"2282","254","1","2016-04-29 00:00:00",""
"2283","255","1","2006-05-31 00:00:00",""
"2284","256","1","2014-06-28 00:00:00",""
"2285","257","1","2017-06-23 00:00:00",""
"2286","258","1","2017-06-28 00:00:00",""
"2287","259","1","2016-10-02 00:00:00",""
"2288","260","1","2013-08-10 00:00:00",""
"2289","261","1","2015-04-27 00:00:00",""
"2290","262","1","1993-12-05 00:00:00",""
"2291","263","1","2011-03-18 00:00:00",""
"2292","264","1","2014-11-15 00:00:00",""
"2293","265","1","2016-02-25 00:00:00",""
"2294","266","1","2010-04-19 00:00:00",""
"2295","267","1","1990-10-31 00:00:00",""
"2296","268","1","2007-12-31 00:00:00",""
"2297","269","1","2013-12-23 00:00:00",""
"2298","270","1","2010-08-07 00:00:00",""
"2299","271","1","2010-12-28 00:00:00",""
"2300","272","1","2009-07-09 00:00:00",""
"2301","273","1","1997-10-01 00:00:00",""
"2302","274","1","2014-03-23 00:00:00",""
"2303","275","1","1986-08-20 00:00:00",""
"2304","276","1","2011-01-27 00:00:00",""
"2305","277","1","2013-04-29 00:00:00",""
"2307","278","1","2014-05-03 00:00:00",""
"2308","279","1","2001-09-12 00:00:00",""
"2309","280","1","2011-05-16 00:00:00",""
"2310","281","1","2010-08-11 00:00:00",""
"2311","282","1","2016-04-28 00:00:00",""
"2312","283","1","1997-10-29 00:00:00",""
"2313","284","1","2007-05-16 00:00:00",""
"2314","285","1","2006-11-19 00:00:00",""
"2315","286","1","2012-01-13 00:00:00",""
"2316","287","1","2008-06-01 00:00:00",""
"2317","288","1","1995-06-07 00:00:00","2017-06-20 00:00:00"
"2319","289","1","2016-07-05 00:00:00",""
"2320","290","1","2009-01-19 00:00:00",""
"2321","291","1","2011-09-28 00:00:00",""
"2322","292","1","1990-05-17 00:00:00",""
"2323","293","1","2013-11-16 00:00:00",""
"2324","294","1","1999-03-08 00:00:00",""
"2325","295","1","2015-07-12 00:00:00",""
"2326","296","1","2016-11-17 00:00:00",""
"2327","297","1","2007-11-28 00:00:00",""
"2328","298","1","1997-05-26 00:00:00","2017-06-20 00:00:00"
"2330","299","1","1999-07-14 00:00:00",""
"2331","300","1","2017-04-25 00:00:00",""
"2332","301","1","2013-11-04 00:00:00",""
"2333","302","1","1991-04-04 00:00:00",""
"2334","303","1","1997-09-04 00:00:00",""
"2335","304","1","2001-07-31 00:00:00",""
"2336","305","1","2017-07-27 00:00:00",""
"2337","306","1","2013-06-30 00:00:00",""
"2338","307","1","2014-05-14 00:00:00",""
"2339","308","1","2015-09-18 00:00:00",""
"2340","309","1","2016-10-27 00:00:00",""
"2341","310","1","1999-04-22 00:00:00",""
"2342","311","1","2000-02-17 00:00:00",""
"2343","312","1","2014-12-05 00:00:00",""
"2344","313","1","2006-12-07 00:00:00",""
"2345","314","1","2016-11-19 00:00:00",""
"2346","315","1","2011-09-29 00:00:00",""
"2347","316","1","1993-06-13 00:00:00",""
"2348","317","1","1991-06-14 00:00:00",""
"2349","318","1","2011-10-03 00:00:00",""
"2350","319","1","2017-04-30 00:00:00",""
"2351","320","1","2010-11-07 00:00:00",""
"2352","321","1","1994-02-20 00:00:00",""
"2353","322","1","2016-04-22 00:00:00",""
"2354","323","1","2017-01-28 00:00:00",""
"2355","324","1","2016-08-18 00:00:00",""
"2356","325","1","1990-06-01 00:00:00",""
"2357","326","1","1997-08-24 00:00:00",""
"2358","327","1","2017-06-03 00:00:00",""
"2359","328","1","2016-10-30 00:00:00",""
"2360","329","1","1990-03-10 00:00:00",""
"2361","330","1","2014-03-18 00:00:00",""
"2363","331","1","1995-08-16 00:00:00",""
"2364","332","1","2017-06-20 00:00:00",""
"2365","333","1","2007-11-02 00:00:00",""
"2366","334","1","2017-02-18 00:00:00",""
"2367","335","1","2007-04-30 00:00:00",""
"2368","336","1","2000-06-25 00:00:00",""
"2369","337","1","2011-01-10 00:00:00",""
"2370","338","1","2015-06-02 00:00:00",""
"2371","339","1","2011-09-23 00:00:00",""
"2372","340","1","1995-07-09 00:00:00",""
"2373","341","1","2008-09-22 00:00:00",""
"2374","342","1","2011-06-03 00:00:00",""
"2375","343","1","2014-09-15 00:00:00",""
"2376","344","1","2016-05-31 00:00:00",""
"2377","345","1","2017-05-19 00:00:00",""
"2378","346","1","2005-07-31 00:00:00",""
"2379","347","1","2014-08-05 00:00:00",""
"2380","348","1","2015-12-10 00:00:00",""
"2381","349","1","1997-02-02 00:00:00",""
"2382","350","1","2006-10-30 00:00:00",""
"2383","351","1","2012-07-13 00:00:00",""
"2384","352","1","2012-10-21 00:00:00",""
"2385","353","1","2009-04-17 00:00:00",""
"2386","354","1","2005-11-28 00:00:00",""
"2387","355","1","2001-05-17 00:00:00",""
"2388","356","1","2016-09-04 00:00:00",""
"2389","357","1","2006-01-14 00:00:00",""
"2390","358","1","2007-11-08 00:00:00",""
"2391","359","1","1996-09-16 00:00:00",""
"2392","360","1","2012-08-06 00:00:00",""
"2393","361","1","2014-11-05 00:00:00",""
"2394","362","1","2008-02-28 00:00:00",""
"2395","363","1","2001-09-22 00:00:00","2017-06-20 00:00:00"
"2397","364","1","2013-02-10 00:00:00",""
"2398","365","1","2000-05-30 00:00:00",""
"2399","366","1","2013-05-29 00:00:00",""
"2400","367","1","2010-05-09 00:00:00",""
"2401","368","1","2013-04-16 00:00:00",""
"2402","369","1","2007-05-20 00:00:00",""
"2403","370","1","2002-10-18 00:00:00",""
"2404","371","1","2013-12-16 00:00:00",""
"2405","372","1","2016-04-14 00:00:00",""
"2406","373","1","2011-04-03 00:00:00",""
"2407","374","1","2003-11-19 00:00:00",""
"2408","375","1","2004-02-19 00:00:00",""
"2409","376","1","2009-02-16 00:00:00",""
"2410","377","1","2012-05-14 00:00:00",""
"2411","378","1","2013-01-09 00:00:00",""
"2412","379","1","2014-12-03 00:00:00",""
"2413","380","1","2013-09-20 00:00:00",""
"2414","381","1","2006-08-31 00:00:00",""
"2415","382","1","2011-12-29 00:00:00",""
"2416","383","1","1996-06-21 00:00:00",""
"2417","384","1","2010-10-17 00:00:00","2017-06-20 00:00:00"
"2419","385","1","1998-01-27 00:00:00",""
"2420","386","1","2014-11-28 00:00:00",""
"2421","387","1","2017-07-27 00:00:00",""
"2423","388","1","2014-12-15 00:00:00",""
"2424","389","1","1995-05-27 00:00:00",""
"2425","390","1","2017-01-23 00:00:00",""
"7800","901","1","2007-02-03 00:00:00","2017-06-20 00:00:00"
"7803","410","1","2008-03-04 00:00:00","2017-06-20 00:00:00"
"8342","277","1","2002-12-12 00:00:00","2017-06-20 00:00:00"
"9664","363","1","2017-01-14 00:00:00",""
"9671","1109","1","1997-02-25 00:00:00","2017-06-20 00:00:00"
"10794","992","1","2016-08-03 00:00:00",""
"11341","1020","1","2016-02-18 00:00:00",""
"12052","661","1","2014-12-24 00:00:00",""
"12245","521","1","2001-07-20 00:00:00","2017-06-20 00:00:00"
"12502","812","1","2005-11-20 00:00:00","2017-06-20 00:00:00"
"15253","236","1","2004-08-06 00:00:00",""
"15431","1146","1","2003-10-06 00:00:00","2017-06-20 00:00:00"
"15881","658","1","2009-09-05 00:00:00","2017-06-20 00:00:00"
"17249","692","1","2014-04-09 00:00:00",""
"18583","979","1","2000-08-05 00:00:00","2017-06-20 00:00:00"
"18762","206","1","2012-01-02 00:00:00","2017-06-20 00:00:00"
"19140","387","1","2013-12-28 00:00:00","2017-06-20 00:00:00"
"20270","86","1","2017-06-21 00:00:00",""
"20479","253","1","2002-03-22 00:00:00",""
"20798","1158","1","2000-11-18 00:00:00","2017-06-20 00:00:00"
"22865","729","1","2006-07-09 00:00:00",""
"23980","521","1","2003-06-27 00:00:00","2017-06-20 00:00:00"
"24022","962","1","2013-10-19 00:00:00",""
"24791","150","1","2016-08-01 00:00:00",""
"25726","733","1","2007-01-19 00:00:00","2017-06-20 00:00:00"
"25740","222","1","2004-12-09 00:00:00","2017-06-20 00:00:00"
"27089","124","1","2016-10-03 00:00:00",""
"27278","288","1","2017-07-20 00:00:00",""
"27542","578","1","1982-05-24 00:00:00","2017-06-20 00:00:00"
"27777","502","1","2001-02-24 00:00:00",""
"28661","920","1","1981-04-19 00:00:00","2017-06-20 00:00:00"
"28751","897","1","2016-08-20 00:00:00",""
"31033","1002","1","2016-03-29 00:00:00","2017-06-20 00:00:00"
"33014","469","1","2015-01-11 00:00:00","2017-06-20 00:00:00"
"36848","1078","1","2015-12-30 00:00:00",""
"37540","469","1","2017-03-20 00:00:00",""
"37707","465","1","2016-06-10 00:00:00",""
"38066","507","1","2015-07-06 00:00:00",""
"39515","912","1","2003-06-02 00:00:00","2017-06-20 00:00:00"
"40275","445","1","1985-11-20 00:00:00","2017-06-20 00:00:00"
"40593","946","1","2017-06-11 00:00:00",""
"40723","1177","1","2007-05-17 00:00:00","2017-06-20 00:00:00"
"40904","330","1","1996-07-01 00:00:00","2017-06-20 00:00:00"
"41461","890","1","1995-02-19 00:00:00","2017-06-20 00:00:00"
"41845","926","1","2010-11-14 00:00:00","2017-06-20 00:00:00"
"42407","460","1","1992-06-20 00:00:00","2017-06-20 00:00:00"
"43254","220","1","2012-01-13 00:00:00",""
"43817","478","1","2001-10-28 00:00:00","2017-06-20 00:00:00"
"43979","940","1","2015-03-19 00:00:00","2017-06-20 00:00:00"
"45408","886","1","2013-12-22 00:00:00",""
"45855","1089","1","2013-06-24 00:00:00",""
"46818","919","1","2011-09-10 00:00:00",""
"47376","892","1","2012-12-31 00:00:00",""
"48304","701","1","2016-06-04 00:00:00","2017-06-20 00:00:00"
"51933","298","1","2010-02-16 00:00:00",""
"52508","1091","1","2014-07-30 00:00:00","2017-06-20 00:00:00"
